?entity	?type	?label	?deprecated	?synonym_type	?synonym
<http://purl.obolibrary.org/obo/IAO_0000115>	<http://www.w3.org/2002/07/owl#AnnotationProperty>	"definition"			
<http://purl.obolibrary.org/obo/IAO_0000119>	<http://www.w3.org/2002/07/owl#AnnotationProperty>	"definition source"			
<http://purl.org/dc/terms/description>	<http://www.w3.org/2002/07/owl#AnnotationProperty>	"description"			
<http://purl.org/dc/terms/license>	<http://www.w3.org/2002/07/owl#AnnotationProperty>	"license"			
<http://purl.org/dc/terms/title>	<http://www.w3.org/2002/07/owl#AnnotationProperty>	"title"			
<http://www.geneontology.org/formats/oboInOwl#hasRelatedSynonym>	<http://www.w3.org/2002/07/owl#AnnotationProperty>				
<http://www.w3.org/2004/02/skos/core#closeMatch>	<http://www.w3.org/2002/07/owl#AnnotationProperty>				
<https://w3id.org/metpo/1000059>	<http://www.w3.org/2002/07/owl#Class>	"phenotype"			
<https://w3id.org/metpo/1000060>	<http://www.w3.org/2002/07/owl#Class>	"metabolism"			
<https://w3id.org/metpo/1000186>	<http://www.w3.org/2002/07/owl#Class>	"material entity"			
<https://w3id.org/metpo/1000188>	<http://www.w3.org/2002/07/owl#Class>	"quality"			
<https://w3id.org/metpo/1000525>	<http://www.w3.org/2002/07/owl#Class>	"microbe"			
<https://w3id.org/metpo/1000526>	<http://www.w3.org/2002/07/owl#Class>	"chemical entity"			
<https://w3id.org/metpo/1000601>	<http://www.w3.org/2002/07/owl#Class>	"oxygen preference"		"related"	"General.keywords"
<https://w3id.org/metpo/1000601>	<http://www.w3.org/2002/07/owl#Class>	"oxygen preference"		"related"	"Physiology and metabolism.oxygen tolerance.oxygen tolerance"
<https://w3id.org/metpo/1000601>	<http://www.w3.org/2002/07/owl#Class>	"oxygen preference"		"related"	"metabolism"
<https://w3id.org/metpo/1000602>	<http://www.w3.org/2002/07/owl#Class>	"aerobic"		"related"	"Ox_aerobic"
<https://w3id.org/metpo/1000602>	<http://www.w3.org/2002/07/owl#Class>	"aerobic"		"related"	"aerobe"
<https://w3id.org/metpo/1000602>	<http://www.w3.org/2002/07/owl#Class>	"aerobic"		"related"	"aerobic"
<https://w3id.org/metpo/1000603>	<http://www.w3.org/2002/07/owl#Class>	"anaerobic"		"related"	"Ox_anaerobic"
<https://w3id.org/metpo/1000603>	<http://www.w3.org/2002/07/owl#Class>	"anaerobic"		"related"	"anaerobe"
<https://w3id.org/metpo/1000603>	<http://www.w3.org/2002/07/owl#Class>	"anaerobic"		"related"	"anaerobic"
<https://w3id.org/metpo/1000604>	<http://www.w3.org/2002/07/owl#Class>	"microaerophilic"		"related"	"Ox_microerophile"
<https://w3id.org/metpo/1000604>	<http://www.w3.org/2002/07/owl#Class>	"microaerophilic"		"related"	"microaerophile"
<https://w3id.org/metpo/1000604>	<http://www.w3.org/2002/07/owl#Class>	"microaerophilic"		"related"	"microaerophilic"
<https://w3id.org/metpo/1000605>	<http://www.w3.org/2002/07/owl#Class>	"facultatively anaerobic"		"related"	"facultative"
<https://w3id.org/metpo/1000605>	<http://www.w3.org/2002/07/owl#Class>	"facultatively anaerobic"		"related"	"facultative anaerobe"
<https://w3id.org/metpo/1000606>	<http://www.w3.org/2002/07/owl#Class>	"obligately aerobic"		"related"	"obligate aerobe"
<https://w3id.org/metpo/1000606>	<http://www.w3.org/2002/07/owl#Class>	"obligately aerobic"		"related"	"obligate aerobic"
<https://w3id.org/metpo/1000607>	<http://www.w3.org/2002/07/owl#Class>	"obligately anaerobic"		"related"	"obligate anaerobe"
<https://w3id.org/metpo/1000607>	<http://www.w3.org/2002/07/owl#Class>	"obligately anaerobic"		"related"	"obligate anaerobic"
<https://w3id.org/metpo/1000608>	<http://www.w3.org/2002/07/owl#Class>	"facultatively aerobic"		"related"	"facultative"
<https://w3id.org/metpo/1000608>	<http://www.w3.org/2002/07/owl#Class>	"facultatively aerobic"		"related"	"facultative aerobe"
<https://w3id.org/metpo/1000609>	<http://www.w3.org/2002/07/owl#Class>	"aerotolerant"		"related"	"aerotolerant"
<https://w3id.org/metpo/1000610>	<http://www.w3.org/2002/07/owl#Class>	"microaerotolerant"		"related"	"microaerotolerant"
<https://w3id.org/metpo/1000611>	<http://www.w3.org/2002/07/owl#Class>	"strictly anaerobic"		"related"	"strictly anaerobic"
<https://w3id.org/metpo/1000612>	<http://www.w3.org/2002/07/owl#Class>	"facultative oxygen preference"		"related"	"Ox_facultative_aerobe_anaerobe"
<https://w3id.org/metpo/1000613>	<http://www.w3.org/2002/07/owl#Class>	"temperature preference"		"related"	"General.keywords"
<https://w3id.org/metpo/1000613>	<http://www.w3.org/2002/07/owl#Class>	"temperature preference"		"related"	"Physiology and metabolism.culture temp.temperature"
<https://w3id.org/metpo/1000613>	<http://www.w3.org/2002/07/owl#Class>	"temperature preference"		"related"	"range_tmp"
<https://w3id.org/metpo/1000614>	<http://www.w3.org/2002/07/owl#Class>	"psychrophilic"		"related"	"psychrophilic"
<https://w3id.org/metpo/1000615>	<http://www.w3.org/2002/07/owl#Class>	"mesophilic"		"related"	"mesophilic"
<https://w3id.org/metpo/1000616>	<http://www.w3.org/2002/07/owl#Class>	"thermophilic"		"related"	"thermophilic"
<https://w3id.org/metpo/1000617>	<http://www.w3.org/2002/07/owl#Class>	"hyperthermophilic"		"related"	"extreme thermophilic"
<https://w3id.org/metpo/1000617>	<http://www.w3.org/2002/07/owl#Class>	"hyperthermophilic"		"related"	"hyperthermophilic"
<https://w3id.org/metpo/1000618>	<http://www.w3.org/2002/07/owl#Class>	"psychrotolerant"		"related"	"psychrotolerant"
<https://w3id.org/metpo/1000619>	<http://www.w3.org/2002/07/owl#Class>	"thermotolerant"		"related"	"thermotolerant"
<https://w3id.org/metpo/1000620>	<http://www.w3.org/2002/07/owl#Class>	"halophilic"		"related"	"halophilic"
<https://w3id.org/metpo/1000621>	<http://www.w3.org/2002/07/owl#Class>	"haloalkaliphilic"		"related"	"haloalkaliphilic"
<https://w3id.org/metpo/1000622>	<http://www.w3.org/2002/07/owl#Class>	"halotolerant"		"related"	"halotolerant"
<https://w3id.org/metpo/1000623>	<http://www.w3.org/2002/07/owl#Class>	"moderately halophilic"		"related"	"moderate-halophilic"
<https://w3id.org/metpo/1000623>	<http://www.w3.org/2002/07/owl#Class>	"moderately halophilic"		"related"	"moderately halophilic"
<https://w3id.org/metpo/1000624>	<http://www.w3.org/2002/07/owl#Class>	"non halophilic"		"related"	"non-halophilic"
<https://w3id.org/metpo/1000625>	<http://www.w3.org/2002/07/owl#Class>	"slightly halophilic"		"related"	"slightly halophilic"
<https://w3id.org/metpo/1000626>	<http://www.w3.org/2002/07/owl#Class>	"stenohaline"		"related"	"stenohaline"
<https://w3id.org/metpo/1000627>	<http://www.w3.org/2002/07/owl#Class>	"euryhaline"		"related"	"euryhaline"
<https://w3id.org/metpo/1000628>	<http://www.w3.org/2002/07/owl#Class>	"extremely halophilic"		"related"	"extreme-halophilic"
<https://w3id.org/metpo/1000628>	<http://www.w3.org/2002/07/owl#Class>	"extremely halophilic"		"related"	"extremely halophilic"
<https://w3id.org/metpo/1000629>	<http://www.w3.org/2002/07/owl#Class>	"halophily preference"		"related"	"General.keywords"
<https://w3id.org/metpo/1000629>	<http://www.w3.org/2002/07/owl#Class>	"halophily preference"		"related"	"Physiology and metabolism.halophily.halophily level"
<https://w3id.org/metpo/1000629>	<http://www.w3.org/2002/07/owl#Class>	"halophily preference"		"related"	"range_salinity"
<https://w3id.org/metpo/1000630>	<http://www.w3.org/2002/07/owl#Class>	"biological process"			
<https://w3id.org/metpo/1000631>	<http://www.w3.org/2002/07/owl#Class>	"trophic type"		"related"	"General.keywords"
<https://w3id.org/metpo/1000631>	<http://www.w3.org/2002/07/owl#Class>	"trophic type"		"related"	"Physiology and metabolism.nutrition type.type"
<https://w3id.org/metpo/1000631>	<http://www.w3.org/2002/07/owl#Class>	"trophic type"		"related"	"nutritional type"
<https://w3id.org/metpo/1000631>	<http://www.w3.org/2002/07/owl#Class>	"trophic type"		"related"	"pathways"
<https://w3id.org/metpo/1000632>	<http://www.w3.org/2002/07/owl#Class>	"autotrophic"		"related"	"autotroph"
<https://w3id.org/metpo/1000632>	<http://www.w3.org/2002/07/owl#Class>	"autotrophic"		"related"	"autotrophy"
<https://w3id.org/metpo/1000633>	<http://www.w3.org/2002/07/owl#Class>	"carboxydotrophic"			
<https://w3id.org/metpo/1000634>	<http://www.w3.org/2002/07/owl#Class>	"chemoautolithotrophic"		"related"	"chemoautolithotroph"
<https://w3id.org/metpo/1000635>	<http://www.w3.org/2002/07/owl#Class>	"chemoautotrophic"		"related"	"chemoautotroph"
<https://w3id.org/metpo/1000636>	<http://www.w3.org/2002/07/owl#Class>	"chemoheterotrophic"		"related"	"aerobic_chemo_heterotrophy"
<https://w3id.org/metpo/1000636>	<http://www.w3.org/2002/07/owl#Class>	"chemoheterotrophic"		"related"	"chemoheterotroph"
<https://w3id.org/metpo/1000637>	<http://www.w3.org/2002/07/owl#Class>	"chemolithoautotrophic"		"related"	"chemolithoautotroph"
<https://w3id.org/metpo/1000638>	<http://www.w3.org/2002/07/owl#Class>	"chemolithoheterotrophic"		"related"	"chemolithoheterotroph"
<https://w3id.org/metpo/1000639>	<http://www.w3.org/2002/07/owl#Class>	"chemolithotrophic"		"related"	"chemolithotroph"
<https://w3id.org/metpo/1000640>	<http://www.w3.org/2002/07/owl#Class>	"chemoorganoheterotrophic"		"related"	"chemoorganoheterotroph"
<https://w3id.org/metpo/1000641>	<http://www.w3.org/2002/07/owl#Class>	"chemotrophic"		"related"	"chemotroph"
<https://w3id.org/metpo/1000642>	<http://www.w3.org/2002/07/owl#Class>	"copiotrophic"		"related"	"copiotroph"
<https://w3id.org/metpo/1000644>	<http://www.w3.org/2002/07/owl#Class>	"heterotrophic"		"related"	"aerobic_heterotrophy"
<https://w3id.org/metpo/1000644>	<http://www.w3.org/2002/07/owl#Class>	"heterotrophic"		"related"	"heterotroph"
<https://w3id.org/metpo/1000644>	<http://www.w3.org/2002/07/owl#Class>	"heterotrophic"		"related"	"heterotrophic"
<https://w3id.org/metpo/1000646>	<http://www.w3.org/2002/07/owl#Class>	"hydrogenotrophic"			
<https://w3id.org/metpo/1000647>	<http://www.w3.org/2002/07/owl#Class>	"lithoautotrophic"		"related"	"lithoautotroph"
<https://w3id.org/metpo/1000648>	<http://www.w3.org/2002/07/owl#Class>	"lithoheterotrophic"		"related"	"lithoheterotroph"
<https://w3id.org/metpo/1000649>	<http://www.w3.org/2002/07/owl#Class>	"lithotrophic"		"related"	"lithotroph"
<https://w3id.org/metpo/1000650>	<http://www.w3.org/2002/07/owl#Class>	"methanotrophic"		"related"	"methanotroph"
<https://w3id.org/metpo/1000651>	<http://www.w3.org/2002/07/owl#Class>	"methylotrophic"		"related"	"methylotroph"
<https://w3id.org/metpo/1000651>	<http://www.w3.org/2002/07/owl#Class>	"methylotrophic"		"related"	"methylotrophy"
<https://w3id.org/metpo/1000652>	<http://www.w3.org/2002/07/owl#Class>	"mixotrophic"		"related"	"mixotroph"
<https://w3id.org/metpo/1000654>	<http://www.w3.org/2002/07/owl#Class>	"oligotrophic"		"related"	"oligotroph"
<https://w3id.org/metpo/1000655>	<http://www.w3.org/2002/07/owl#Class>	"organotrophic"		"related"	"organotroph"
<https://w3id.org/metpo/1000656>	<http://www.w3.org/2002/07/owl#Class>	"photoautotrophic"		"related"	"anoxygenic_photoautotrophy"
<https://w3id.org/metpo/1000656>	<http://www.w3.org/2002/07/owl#Class>	"photoautotrophic"		"related"	"anoxygenic_photoautotrophy_hydrogen_oxidation"
<https://w3id.org/metpo/1000656>	<http://www.w3.org/2002/07/owl#Class>	"photoautotrophic"		"related"	"anoxygenic_photoautotrophy_iron_oxidation"
<https://w3id.org/metpo/1000656>	<http://www.w3.org/2002/07/owl#Class>	"photoautotrophic"		"related"	"anoxygenic_photoautotrophy_sulfur_oxidation"
<https://w3id.org/metpo/1000656>	<http://www.w3.org/2002/07/owl#Class>	"photoautotrophic"		"related"	"photoautotroph"
<https://w3id.org/metpo/1000656>	<http://www.w3.org/2002/07/owl#Class>	"photoautotrophic"		"related"	"photoautotrophy"
<https://w3id.org/metpo/1000657>	<http://www.w3.org/2002/07/owl#Class>	"photoheterotrophic"		"related"	"photoheterotroph"
<https://w3id.org/metpo/1000657>	<http://www.w3.org/2002/07/owl#Class>	"photoheterotrophic"		"related"	"photoheterotrophy"
<https://w3id.org/metpo/1000658>	<http://www.w3.org/2002/07/owl#Class>	"photolithotrophic"		"related"	"photolithotroph"
<https://w3id.org/metpo/1000659>	<http://www.w3.org/2002/07/owl#Class>	"photoorganoheterotrophic"		"related"	"photoorganoheterotroph"
<https://w3id.org/metpo/1000660>	<http://www.w3.org/2002/07/owl#Class>	"phototrophic"		"related"	"aerobic_anoxygenic_phototrophy"
<https://w3id.org/metpo/1000660>	<http://www.w3.org/2002/07/owl#Class>	"phototrophic"		"related"	"phototroph"
<https://w3id.org/metpo/1000663>	<http://www.w3.org/2002/07/owl#Class>	"chemoorganotrophic"		"related"	"chemoorganotroph"
<https://w3id.org/metpo/1000664>	<http://www.w3.org/2002/07/owl#Class>	"organoheterotrophic"		"related"	"organoheterotroph"
<https://w3id.org/metpo/1000665>	<http://www.w3.org/2002/07/owl#Class>	"photolithoautotrophic"		"related"	"photolithoautotroph"
<https://w3id.org/metpo/1000666>	<http://www.w3.org/2002/07/owl#Class>	"cell shape"		"related"	"General.keywords"
<https://w3id.org/metpo/1000666>	<http://www.w3.org/2002/07/owl#Class>	"cell shape"		"related"	"Morphology.cell morphology.cell shape"
<https://w3id.org/metpo/1000666>	<http://www.w3.org/2002/07/owl#Class>	"cell shape"		"related"	"cell_shape"
<https://w3id.org/metpo/1000667>	<http://www.w3.org/2002/07/owl#Class>	"bacillus shaped"		"related"	"bacillus"
<https://w3id.org/metpo/1000668>	<http://www.w3.org/2002/07/owl#Class>	"coccus shaped"		"related"	"coccus"
<https://w3id.org/metpo/1000668>	<http://www.w3.org/2002/07/owl#Class>	"coccus shaped"		"related"	"coccus-shaped"
<https://w3id.org/metpo/1000669>	<http://www.w3.org/2002/07/owl#Class>	"crescent shaped"		"related"	"crescent-shaped"
<https://w3id.org/metpo/1000670>	<http://www.w3.org/2002/07/owl#Class>	"curved shaped"		"related"	"curved-shaped"
<https://w3id.org/metpo/1000670>	<http://www.w3.org/2002/07/owl#Class>	"curved shaped"		"related"	"s_curved_spiral"
<https://w3id.org/metpo/1000671>	<http://www.w3.org/2002/07/owl#Class>	"diplococcus shaped"		"related"	"diplococcus-shaped"
<https://w3id.org/metpo/1000672>	<http://www.w3.org/2002/07/owl#Class>	"dumbbell shaped"		"related"	"dumbbell-shaped"
<https://w3id.org/metpo/1000672>	<http://www.w3.org/2002/07/owl#Class>	"dumbbell shaped"		"related"	"s_star_dumbbell_pleomorphic"
<https://w3id.org/metpo/1000673>	<http://www.w3.org/2002/07/owl#Class>	"ellipsoidal"		"related"	"ellipsoidal"
<https://w3id.org/metpo/1000674>	<http://www.w3.org/2002/07/owl#Class>	"filament shaped"		"related"	"filament"
<https://w3id.org/metpo/1000674>	<http://www.w3.org/2002/07/owl#Class>	"filament shaped"		"related"	"filament-shaped"
<https://w3id.org/metpo/1000674>	<http://www.w3.org/2002/07/owl#Class>	"filament shaped"		"related"	"s_filament"
<https://w3id.org/metpo/1000675>	<http://www.w3.org/2002/07/owl#Class>	"flask shaped"		"related"	"flask"
<https://w3id.org/metpo/1000675>	<http://www.w3.org/2002/07/owl#Class>	"flask shaped"		"related"	"flask-shaped"
<https://w3id.org/metpo/1000676>	<http://www.w3.org/2002/07/owl#Class>	"helical shaped"		"related"	"helical-shaped"
<https://w3id.org/metpo/1000677>	<http://www.w3.org/2002/07/owl#Class>	"ovoid shaped"		"related"	"ovoid-shaped"
<https://w3id.org/metpo/1000677>	<http://www.w3.org/2002/07/owl#Class>	"ovoid shaped"		"related"	"s_ovoid"
<https://w3id.org/metpo/1000678>	<http://www.w3.org/2002/07/owl#Class>	"oval shaped"		"related"	"oval-shaped"
<https://w3id.org/metpo/1000679>	<http://www.w3.org/2002/07/owl#Class>	"pleomorphic shaped"		"related"	"pleomorphic"
<https://w3id.org/metpo/1000679>	<http://www.w3.org/2002/07/owl#Class>	"pleomorphic shaped"		"related"	"pleomorphic-shaped"
<https://w3id.org/metpo/1000679>	<http://www.w3.org/2002/07/owl#Class>	"pleomorphic shaped"		"related"	"s_star_dumbbell_pleomorphic"
<https://w3id.org/metpo/1000680>	<http://www.w3.org/2002/07/owl#Class>	"ring shaped"		"related"	"ring"
<https://w3id.org/metpo/1000680>	<http://www.w3.org/2002/07/owl#Class>	"ring shaped"		"related"	"ring-shaped"
<https://w3id.org/metpo/1000681>	<http://www.w3.org/2002/07/owl#Class>	"rod shaped"		"related"	"rod-shaped"
<https://w3id.org/metpo/1000681>	<http://www.w3.org/2002/07/owl#Class>	"rod shaped"		"related"	"s_rod"
<https://w3id.org/metpo/1000682>	<http://www.w3.org/2002/07/owl#Class>	"spore shaped"		"related"	"spore-shaped"
<https://w3id.org/metpo/1000683>	<http://www.w3.org/2002/07/owl#Class>	"sphere shaped"		"related"	"s_sphere"
<https://w3id.org/metpo/1000683>	<http://www.w3.org/2002/07/owl#Class>	"sphere shaped"		"related"	"sphere-shaped"
<https://w3id.org/metpo/1000684>	<http://www.w3.org/2002/07/owl#Class>	"spiral shaped"		"related"	"s_curved_spiral"
<https://w3id.org/metpo/1000684>	<http://www.w3.org/2002/07/owl#Class>	"spiral shaped"		"related"	"spiral"
<https://w3id.org/metpo/1000684>	<http://www.w3.org/2002/07/owl#Class>	"spiral shaped"		"related"	"spiral-shaped"
<https://w3id.org/metpo/1000685>	<http://www.w3.org/2002/07/owl#Class>	"star shaped"		"related"	"s_star_dumbbell_pleomorphic"
<https://w3id.org/metpo/1000685>	<http://www.w3.org/2002/07/owl#Class>	"star shaped"		"related"	"star"
<https://w3id.org/metpo/1000685>	<http://www.w3.org/2002/07/owl#Class>	"star shaped"		"related"	"star-shaped"
<https://w3id.org/metpo/1000686>	<http://www.w3.org/2002/07/owl#Class>	"vibrio shaped"		"related"	"vibrio"
<https://w3id.org/metpo/1000686>	<http://www.w3.org/2002/07/owl#Class>	"vibrio shaped"		"related"	"vibrio-shaped"
<https://w3id.org/metpo/1000687>	<http://www.w3.org/2002/07/owl#Class>	"branched shaped"		"related"	"branced"
<https://w3id.org/metpo/1000688>	<http://www.w3.org/2002/07/owl#Class>	"coccobacillus shaped"		"related"	"coccobacillus"
<https://w3id.org/metpo/1000689>	<http://www.w3.org/2002/07/owl#Class>	"disc shaped"		"related"	"disc"
<https://w3id.org/metpo/1000690>	<http://www.w3.org/2002/07/owl#Class>	"fusiform shaped"		"related"	"fusiform"
<https://w3id.org/metpo/1000691>	<http://www.w3.org/2002/07/owl#Class>	"irregular shaped"		"related"	"irregular"
<https://w3id.org/metpo/1000692>	<http://www.w3.org/2002/07/owl#Class>	"spindle shaped"		"related"	"spindle"
<https://w3id.org/metpo/1000693>	<http://www.w3.org/2002/07/owl#Class>	"spirochete shaped"		"related"	"spirochete"
<https://w3id.org/metpo/1000694>	<http://www.w3.org/2002/07/owl#Class>	"square shaped"		"related"	"square"
<https://w3id.org/metpo/1000695>	<http://www.w3.org/2002/07/owl#Class>	"tailed shaped"		"related"	"tailed"
<https://w3id.org/metpo/1000696>	<http://www.w3.org/2002/07/owl#Class>	"triangular shaped"		"related"	"triangular"
<https://w3id.org/metpo/1000697>	<http://www.w3.org/2002/07/owl#Class>	"gram stain"		"related"	"General.keywords"
<https://w3id.org/metpo/1000697>	<http://www.w3.org/2002/07/owl#Class>	"gram stain"		"related"	"Morphology.cell morphology.gram stain"
<https://w3id.org/metpo/1000697>	<http://www.w3.org/2002/07/owl#Class>	"gram stain"		"related"	"gram_stain"
<https://w3id.org/metpo/1000698>	<http://www.w3.org/2002/07/owl#Class>	"gram positive"		"related"	"G_positive"
<https://w3id.org/metpo/1000698>	<http://www.w3.org/2002/07/owl#Class>	"gram positive"		"related"	"positive"
<https://w3id.org/metpo/1000699>	<http://www.w3.org/2002/07/owl#Class>	"gram negative"		"related"	"G_negative"
<https://w3id.org/metpo/1000699>	<http://www.w3.org/2002/07/owl#Class>	"gram negative"		"related"	"negative"
<https://w3id.org/metpo/1000700>	<http://www.w3.org/2002/07/owl#Class>	"gram variable"		"related"	"variable"
<https://w3id.org/metpo/1000701>	<http://www.w3.org/2002/07/owl#Class>	"motility"		"related"	"General.keywords"
<https://w3id.org/metpo/1000701>	<http://www.w3.org/2002/07/owl#Class>	"motility"		"related"	"Morphology.cell morphology.motility"
<https://w3id.org/metpo/1000701>	<http://www.w3.org/2002/07/owl#Class>	"motility"		"related"	"motility"
<https://w3id.org/metpo/1000702>	<http://www.w3.org/2002/07/owl#Class>	"motile"		"related"	"motile"
<https://w3id.org/metpo/1000702>	<http://www.w3.org/2002/07/owl#Class>	"motile"		"related"	"yes"
<https://w3id.org/metpo/1000703>	<http://www.w3.org/2002/07/owl#Class>	"non motile"		"related"	"no"
<https://w3id.org/metpo/1000703>	<http://www.w3.org/2002/07/owl#Class>	"non motile"		"related"	"non- motile"
<https://w3id.org/metpo/1000704>	<http://www.w3.org/2002/07/owl#Class>	"flagellated"		"related"	"flagella"
<https://w3id.org/metpo/1000705>	<http://www.w3.org/2002/07/owl#Class>	"axially filamented"		"related"	"axial filament"
<https://w3id.org/metpo/1000706>	<http://www.w3.org/2002/07/owl#Class>	"gliding"		"related"	"gliding"
<https://w3id.org/metpo/1000720>	<http://www.w3.org/2002/07/owl#Class>	"facultative psychrophilic"		"related"	"facultative psychrophile"
<https://w3id.org/metpo/1000720>	<http://www.w3.org/2002/07/owl#Class>	"facultative psychrophilic"		"related"	"facultative psychrophilic"
<https://w3id.org/metpo/1000721>	<http://www.w3.org/2002/07/owl#Class>	"extreme hyperthermophilic"		"related"	"extreme hyperthermophile"
<https://w3id.org/metpo/1000721>	<http://www.w3.org/2002/07/owl#Class>	"extreme hyperthermophilic"		"related"	"extremely hyperthermophilic"
<https://w3id.org/metpo/1000731>	<http://www.w3.org/2002/07/owl#Class>	"nutrient adaptation"			
<https://w3id.org/metpo/1000800>	<http://www.w3.org/2002/07/owl#Class>	"respiration"		"related"	"pathways"
<https://w3id.org/metpo/1000801>	<http://www.w3.org/2002/07/owl#Class>	"Aerobic respiration"		"related"	"Oxic respiration"
<https://w3id.org/metpo/1000801>	<http://www.w3.org/2002/07/owl#Class>	"Aerobic respiration"		"related"	"Oxygen respiration"
<https://w3id.org/metpo/1000802>	<http://www.w3.org/2002/07/owl#Class>	"Anaerobic respiration"		"related"	"Anoxic respiration"
<https://w3id.org/metpo/1000802>	<http://www.w3.org/2002/07/owl#Class>	"Anaerobic respiration"		"related"	"Dissimilatory respiration (non-O₂)"
<https://w3id.org/metpo/1000803>	<http://www.w3.org/2002/07/owl#Class>	"Oxidative phosphorylation"			
<https://w3id.org/metpo/1000804>	<http://www.w3.org/2002/07/owl#Class>	"Substrate-level phosphorylation"			
<https://w3id.org/metpo/1000805>	<http://www.w3.org/2002/07/owl#Class>	"Electron transfer"			
<https://w3id.org/metpo/1000806>	<http://www.w3.org/2002/07/owl#Class>	"Disproportionation"			
<https://w3id.org/metpo/1000807>	<http://www.w3.org/2002/07/owl#Class>	"Nitrogen compound respiration"			
<https://w3id.org/metpo/1000808>	<http://www.w3.org/2002/07/owl#Class>	"Nitrate reduction"		"related"	"Nitrate respiration"
<https://w3id.org/metpo/1000808>	<http://www.w3.org/2002/07/owl#Class>	"Nitrate reduction"		"related"	"nitrate_reduction"
<https://w3id.org/metpo/1000809>	<http://www.w3.org/2002/07/owl#Class>	"Denitrification"		"related"	"Dissimilatory nitrate reduction to N₂"
<https://w3id.org/metpo/1000809>	<http://www.w3.org/2002/07/owl#Class>	"Denitrification"		"related"	"Nitrate reduction to N₂"
<https://w3id.org/metpo/1000809>	<http://www.w3.org/2002/07/owl#Class>	"Denitrification"		"related"	"denitrification"
<https://w3id.org/metpo/1000810>	<http://www.w3.org/2002/07/owl#Class>	"Dissimilatory nitrate reduction to ammonium"		"related"	"DNRA"
<https://w3id.org/metpo/1000810>	<http://www.w3.org/2002/07/owl#Class>	"Dissimilatory nitrate reduction to ammonium"		"related"	"Nitrate ammonification"
<https://w3id.org/metpo/1000811>	<http://www.w3.org/2002/07/owl#Class>	"Nitrite reduction"		"related"	"nitrite_reduction"
<https://w3id.org/metpo/1000812>	<http://www.w3.org/2002/07/owl#Class>	"Anaerobic ammonium oxidation"		"related"	"Anammox"
<https://w3id.org/metpo/1000812>	<http://www.w3.org/2002/07/owl#Class>	"Anaerobic ammonium oxidation"		"related"	"Anoxic NH₄⁺ oxidation"
<https://w3id.org/metpo/1000813>	<http://www.w3.org/2002/07/owl#Class>	"Nitric oxide reduction"		"related"	"NO reduction"
<https://w3id.org/metpo/1000813>	<http://www.w3.org/2002/07/owl#Class>	"Nitric oxide reduction"		"related"	"Nitric oxide respiration"
<https://w3id.org/metpo/1000813>	<http://www.w3.org/2002/07/owl#Class>	"Nitric oxide reduction"		"related"	"nitric_oxide_reduction"
<https://w3id.org/metpo/1000814>	<http://www.w3.org/2002/07/owl#Class>	"Nitrous oxide reduction"		"related"	"Nitrous oxide respiration"
<https://w3id.org/metpo/1000814>	<http://www.w3.org/2002/07/owl#Class>	"Nitrous oxide reduction"		"related"	"N₂O reduction"
<https://w3id.org/metpo/1000814>	<http://www.w3.org/2002/07/owl#Class>	"Nitrous oxide reduction"		"related"	"nitrous_oxide_reduction"
<https://w3id.org/metpo/1000815>	<http://www.w3.org/2002/07/owl#Class>	"Sulfur and sulfoxide compound respiration"			
<https://w3id.org/metpo/1000816>	<http://www.w3.org/2002/07/owl#Class>	"Sulfate reduction"		"related"	"Dissimilatory sulfate reduction"
<https://w3id.org/metpo/1000816>	<http://www.w3.org/2002/07/owl#Class>	"Sulfate reduction"		"related"	"SRM metabolism"
<https://w3id.org/metpo/1000816>	<http://www.w3.org/2002/07/owl#Class>	"Sulfate reduction"		"related"	"Sulfate respiration"
<https://w3id.org/metpo/1000816>	<http://www.w3.org/2002/07/owl#Class>	"Sulfate reduction"		"related"	"Sulfidogenesis"
<https://w3id.org/metpo/1000816>	<http://www.w3.org/2002/07/owl#Class>	"Sulfate reduction"		"related"	"sulfate_reduction"
<https://w3id.org/metpo/1000817>	<http://www.w3.org/2002/07/owl#Class>	"Sulfur reduction"		"related"	"Dissimilatory sulfur reduction"
<https://w3id.org/metpo/1000817>	<http://www.w3.org/2002/07/owl#Class>	"Sulfur reduction"		"related"	"Elemental sulfur reduction"
<https://w3id.org/metpo/1000817>	<http://www.w3.org/2002/07/owl#Class>	"Sulfur reduction"		"related"	"Sulfur respiration"
<https://w3id.org/metpo/1000817>	<http://www.w3.org/2002/07/owl#Class>	"Sulfur reduction"		"related"	"sulfur_reduction"
<https://w3id.org/metpo/1000818>	<http://www.w3.org/2002/07/owl#Class>	"Sulfite reduction"		"related"	"Dissimilatory sulfite reduction"
<https://w3id.org/metpo/1000818>	<http://www.w3.org/2002/07/owl#Class>	"Sulfite reduction"		"related"	"sulfite_reduction"
<https://w3id.org/metpo/1000819>	<http://www.w3.org/2002/07/owl#Class>	"Thiosulfate reduction"		"related"	"Dissimilatory thiosulfate reduction"
<https://w3id.org/metpo/1000819>	<http://www.w3.org/2002/07/owl#Class>	"Thiosulfate reduction"		"related"	"thiosulfate_reduction"
<https://w3id.org/metpo/1000820>	<http://www.w3.org/2002/07/owl#Class>	"Sulfoxide respiration"			
<https://w3id.org/metpo/1000821>	<http://www.w3.org/2002/07/owl#Class>	"Dimethyl sulfoxide respiration"		"related"	"DMSO reduction"
<https://w3id.org/metpo/1000821>	<http://www.w3.org/2002/07/owl#Class>	"Dimethyl sulfoxide respiration"		"related"	"DMSO respiration"
<https://w3id.org/metpo/1000822>	<http://www.w3.org/2002/07/owl#Class>	"Methionine sulfoxide respiration"			
<https://w3id.org/metpo/1000823>	<http://www.w3.org/2002/07/owl#Class>	"Sulfide oxidation"		"related"	"H₂S oxidation"
<https://w3id.org/metpo/1000823>	<http://www.w3.org/2002/07/owl#Class>	"Sulfide oxidation"		"related"	"Sulfide oxidizing"
<https://w3id.org/metpo/1000823>	<http://www.w3.org/2002/07/owl#Class>	"Sulfide oxidation"		"related"	"sulfide_oxidation"
<https://w3id.org/metpo/1000824>	<http://www.w3.org/2002/07/owl#Class>	"Thiosulfate oxidation"		"related"	"S₂O₃²⁻ oxidation"
<https://w3id.org/metpo/1000824>	<http://www.w3.org/2002/07/owl#Class>	"Thiosulfate oxidation"		"related"	"Thiosulfate oxidizing"
<https://w3id.org/metpo/1000824>	<http://www.w3.org/2002/07/owl#Class>	"Thiosulfate oxidation"		"related"	"thiosulfate_oxidation"
<https://w3id.org/metpo/1000825>	<http://www.w3.org/2002/07/owl#Class>	"Sulfite oxidation"		"related"	"SO₃²⁻ oxidation"
<https://w3id.org/metpo/1000825>	<http://www.w3.org/2002/07/owl#Class>	"Sulfite oxidation"		"related"	"Sulfite oxidizing"
<https://w3id.org/metpo/1000825>	<http://www.w3.org/2002/07/owl#Class>	"Sulfite oxidation"		"related"	"sulfite_oxidation"
<https://w3id.org/metpo/1000826>	<http://www.w3.org/2002/07/owl#Class>	"Tetrathionate reduction"		"related"	"S₄O₆²⁻ reduction"
<https://w3id.org/metpo/1000826>	<http://www.w3.org/2002/07/owl#Class>	"Tetrathionate reduction"		"related"	"Tetrathionate respiration"
<https://w3id.org/metpo/1000827>	<http://www.w3.org/2002/07/owl#Class>	"Polysulfide reduction"		"related"	"Polysulfide respiration"
<https://w3id.org/metpo/1000827>	<http://www.w3.org/2002/07/owl#Class>	"Polysulfide reduction"		"related"	"Sₓ²⁻ reduction"
<https://w3id.org/metpo/1000828>	<http://www.w3.org/2002/07/owl#Class>	"Metal and metalloid respiration"		"related"	"Dissimilatory metal reduction"
<https://w3id.org/metpo/1000828>	<http://www.w3.org/2002/07/owl#Class>	"Metal and metalloid respiration"		"related"	"Metal respiration"
<https://w3id.org/metpo/1000829>	<http://www.w3.org/2002/07/owl#Class>	"Iron reduction"		"related"	"Dissimilatory Fe(III) reduction"
<https://w3id.org/metpo/1000829>	<http://www.w3.org/2002/07/owl#Class>	"Iron reduction"		"related"	"Dissimilatory iron reduction"
<https://w3id.org/metpo/1000829>	<http://www.w3.org/2002/07/owl#Class>	"Iron reduction"		"related"	"Ferric iron reduction"
<https://w3id.org/metpo/1000829>	<http://www.w3.org/2002/07/owl#Class>	"Iron reduction"		"related"	"Iron respiration"
<https://w3id.org/metpo/1000829>	<http://www.w3.org/2002/07/owl#Class>	"Iron reduction"		"related"	"iron_reduction"
<https://w3id.org/metpo/1000830>	<http://www.w3.org/2002/07/owl#Class>	"Iron oxidation"		"related"	"Fe(II) oxidation"
<https://w3id.org/metpo/1000830>	<http://www.w3.org/2002/07/owl#Class>	"Iron oxidation"		"related"	"Ferrous iron oxidation"
<https://w3id.org/metpo/1000830>	<http://www.w3.org/2002/07/owl#Class>	"Iron oxidation"		"related"	"iron_oxidation"
<https://w3id.org/metpo/1000831>	<http://www.w3.org/2002/07/owl#Class>	"Nitrate-dependent Fe(II) oxidation"		"related"	"NDFO"
<https://w3id.org/metpo/1000831>	<http://www.w3.org/2002/07/owl#Class>	"Nitrate-dependent Fe(II) oxidation"		"related"	"Nitrate-dependent iron oxidation"
<https://w3id.org/metpo/1000832>	<http://www.w3.org/2002/07/owl#Class>	"Manganese reduction"		"related"	"Dissimilatory manganese reduction"
<https://w3id.org/metpo/1000832>	<http://www.w3.org/2002/07/owl#Class>	"Manganese reduction"		"related"	"Manganese respiration"
<https://w3id.org/metpo/1000832>	<http://www.w3.org/2002/07/owl#Class>	"Manganese reduction"		"related"	"Manganese(IV) reduction"
<https://w3id.org/metpo/1000832>	<http://www.w3.org/2002/07/owl#Class>	"Manganese reduction"		"related"	"Mn(IV) reduction"
<https://w3id.org/metpo/1000832>	<http://www.w3.org/2002/07/owl#Class>	"Manganese reduction"		"related"	"manganese_reduction"
<https://w3id.org/metpo/1000833>	<http://www.w3.org/2002/07/owl#Class>	"Manganese oxidation"		"related"	"Manganese(II) oxidation"
<https://w3id.org/metpo/1000833>	<http://www.w3.org/2002/07/owl#Class>	"Manganese oxidation"		"related"	"Mn(II) oxidation"
<https://w3id.org/metpo/1000833>	<http://www.w3.org/2002/07/owl#Class>	"Manganese oxidation"		"related"	"manganese_oxidation"
<https://w3id.org/metpo/1000834>	<http://www.w3.org/2002/07/owl#Class>	"Uranium reduction"		"related"	"Dissimilatory uranium reduction"
<https://w3id.org/metpo/1000834>	<http://www.w3.org/2002/07/owl#Class>	"Uranium reduction"		"related"	"U(VI) reduction"
<https://w3id.org/metpo/1000834>	<http://www.w3.org/2002/07/owl#Class>	"Uranium reduction"		"related"	"Uranium respiration"
<https://w3id.org/metpo/1000834>	<http://www.w3.org/2002/07/owl#Class>	"Uranium reduction"		"related"	"Uranyl reduction"
<https://w3id.org/metpo/1000834>	<http://www.w3.org/2002/07/owl#Class>	"Uranium reduction"		"related"	"uranyl_reduction"
<https://w3id.org/metpo/1000835>	<http://www.w3.org/2002/07/owl#Class>	"Vanadium reduction"		"related"	"Dissimilatory vanadium reduction"
<https://w3id.org/metpo/1000835>	<http://www.w3.org/2002/07/owl#Class>	"Vanadium reduction"		"related"	"V(V) reduction"
<https://w3id.org/metpo/1000835>	<http://www.w3.org/2002/07/owl#Class>	"Vanadium reduction"		"related"	"Vanadate reduction"
<https://w3id.org/metpo/1000835>	<http://www.w3.org/2002/07/owl#Class>	"Vanadium reduction"		"related"	"Vanadium respiration"
<https://w3id.org/metpo/1000836>	<http://www.w3.org/2002/07/owl#Class>	"Chromium reduction"		"related"	"Chromate reduction"
<https://w3id.org/metpo/1000836>	<http://www.w3.org/2002/07/owl#Class>	"Chromium reduction"		"related"	"Chromium respiration"
<https://w3id.org/metpo/1000836>	<http://www.w3.org/2002/07/owl#Class>	"Chromium reduction"		"related"	"Cr(VI) reduction"
<https://w3id.org/metpo/1000836>	<http://www.w3.org/2002/07/owl#Class>	"Chromium reduction"		"related"	"Dissimilatory chromium reduction"
<https://w3id.org/metpo/1000837>	<http://www.w3.org/2002/07/owl#Class>	"Technetium reduction"		"related"	"Dissimilatory technetium reduction"
<https://w3id.org/metpo/1000837>	<http://www.w3.org/2002/07/owl#Class>	"Technetium reduction"		"related"	"Pertechnetate reduction"
<https://w3id.org/metpo/1000837>	<http://www.w3.org/2002/07/owl#Class>	"Technetium reduction"		"related"	"Tc(VII) reduction"
<https://w3id.org/metpo/1000837>	<http://www.w3.org/2002/07/owl#Class>	"Technetium reduction"		"related"	"Technetium respiration"
<https://w3id.org/metpo/1000838>	<http://www.w3.org/2002/07/owl#Class>	"Cobalt reduction"		"related"	"Co(III) reduction"
<https://w3id.org/metpo/1000838>	<http://www.w3.org/2002/07/owl#Class>	"Cobalt reduction"		"related"	"Cobalt respiration"
<https://w3id.org/metpo/1000838>	<http://www.w3.org/2002/07/owl#Class>	"Cobalt reduction"		"related"	"Cobalt(III) reduction"
<https://w3id.org/metpo/1000838>	<http://www.w3.org/2002/07/owl#Class>	"Cobalt reduction"		"related"	"Dissimilatory cobalt reduction"
<https://w3id.org/metpo/1000838>	<http://www.w3.org/2002/07/owl#Class>	"Cobalt reduction"		"related"	"cobalt_reduction"
<https://w3id.org/metpo/1000839>	<http://www.w3.org/2002/07/owl#Class>	"Arsenate reduction"		"related"	"Arsenate respiration"
<https://w3id.org/metpo/1000839>	<http://www.w3.org/2002/07/owl#Class>	"Arsenate reduction"		"related"	"As(V) reduction"
<https://w3id.org/metpo/1000839>	<http://www.w3.org/2002/07/owl#Class>	"Arsenate reduction"		"related"	"Dissimilatory arsenate reduction"
<https://w3id.org/metpo/1000839>	<http://www.w3.org/2002/07/owl#Class>	"Arsenate reduction"		"related"	"arsenate_reduction"
<https://w3id.org/metpo/1000840>	<http://www.w3.org/2002/07/owl#Class>	"Arsenite oxidation"		"related"	"Arsenite oxidizing"
<https://w3id.org/metpo/1000840>	<http://www.w3.org/2002/07/owl#Class>	"Arsenite oxidation"		"related"	"As(III) oxidation"
<https://w3id.org/metpo/1000840>	<http://www.w3.org/2002/07/owl#Class>	"Arsenite oxidation"		"related"	"arsenite_oxidation"
<https://w3id.org/metpo/1000841>	<http://www.w3.org/2002/07/owl#Class>	"Selenate reduction"		"related"	"Dissimilatory selenate reduction"
<https://w3id.org/metpo/1000841>	<http://www.w3.org/2002/07/owl#Class>	"Selenate reduction"		"related"	"Se(VI) reduction"
<https://w3id.org/metpo/1000841>	<http://www.w3.org/2002/07/owl#Class>	"Selenate reduction"		"related"	"Selenate respiration"
<https://w3id.org/metpo/1000841>	<http://www.w3.org/2002/07/owl#Class>	"Selenate reduction"		"related"	"selenate_reduction"
<https://w3id.org/metpo/1000842>	<http://www.w3.org/2002/07/owl#Class>	"Selenite reduction"		"related"	"Se(IV) reduction"
<https://w3id.org/metpo/1000842>	<http://www.w3.org/2002/07/owl#Class>	"Selenite reduction"		"related"	"Selenite respiration"
<https://w3id.org/metpo/1000843>	<http://www.w3.org/2002/07/owl#Class>	"Carbon and organic compound respiration"			
<https://w3id.org/metpo/1000844>	<http://www.w3.org/2002/07/owl#Class>	"Methanogenesis"		"related"	"Biological methanation"
<https://w3id.org/metpo/1000844>	<http://www.w3.org/2002/07/owl#Class>	"Methanogenesis"		"related"	"Biomethanation"
<https://w3id.org/metpo/1000844>	<http://www.w3.org/2002/07/owl#Class>	"Methanogenesis"		"related"	"Carbonate respiration"
<https://w3id.org/metpo/1000844>	<http://www.w3.org/2002/07/owl#Class>	"Methanogenesis"		"related"	"methanogenesis"
<https://w3id.org/metpo/1000845>	<http://www.w3.org/2002/07/owl#Class>	"Acetogenesis"		"related"	"Acetate fermentation"
<https://w3id.org/metpo/1000845>	<http://www.w3.org/2002/07/owl#Class>	"Acetogenesis"		"related"	"acetogenesis"
<https://w3id.org/metpo/1000846>	<http://www.w3.org/2002/07/owl#Class>	"Homoacetogenesis"		"related"	"Reductive acetyl-CoA pathway"
<https://w3id.org/metpo/1000846>	<http://www.w3.org/2002/07/owl#Class>	"Homoacetogenesis"		"related"	"Wood-Ljungdahl pathway"
<https://w3id.org/metpo/1000847>	<http://www.w3.org/2002/07/owl#Class>	"Fumarate respiration"		"related"	"Fumarate reduction"
<https://w3id.org/metpo/1000847>	<http://www.w3.org/2002/07/owl#Class>	"Fumarate respiration"		"related"	"fumarate_reduction"
<https://w3id.org/metpo/1000848>	<http://www.w3.org/2002/07/owl#Class>	"Trimethylamine N-oxide respiration"		"related"	"TMAO reduction"
<https://w3id.org/metpo/1000848>	<http://www.w3.org/2002/07/owl#Class>	"Trimethylamine N-oxide respiration"		"related"	"TMAO respiration"
<https://w3id.org/metpo/1000849>	<http://www.w3.org/2002/07/owl#Class>	"Humus respiration"		"related"	"Extracellular respiration"
<https://w3id.org/metpo/1000849>	<http://www.w3.org/2002/07/owl#Class>	"Humus respiration"		"related"	"Humic substance reduction"
<https://w3id.org/metpo/1000849>	<http://www.w3.org/2002/07/owl#Class>	"Humus respiration"		"related"	"Humus reduction"
<https://w3id.org/metpo/1000850>	<http://www.w3.org/2002/07/owl#Class>	"Halogenated compound respiration"			
<https://w3id.org/metpo/1000851>	<http://www.w3.org/2002/07/owl#Class>	"Organohalide respiration"		"related"	"Dehalorespiration"
<https://w3id.org/metpo/1000851>	<http://www.w3.org/2002/07/owl#Class>	"Organohalide respiration"		"related"	"Reductive dehalogenation"
<https://w3id.org/metpo/1000853>	<http://www.w3.org/2002/07/owl#Class>	"Perchlorate respiration"		"related"	"ClO₄⁻ reduction"
<https://w3id.org/metpo/1000853>	<http://www.w3.org/2002/07/owl#Class>	"Perchlorate respiration"		"related"	"Perchlorate reduction"
<https://w3id.org/metpo/1000854>	<http://www.w3.org/2002/07/owl#Class>	"Chlorate respiration"		"related"	"Chlorate reduction"
<https://w3id.org/metpo/1000854>	<http://www.w3.org/2002/07/owl#Class>	"Chlorate respiration"		"related"	"ClO₃⁻ reduction"
<https://w3id.org/metpo/1000854>	<http://www.w3.org/2002/07/owl#Class>	"Chlorate respiration"		"related"	"chlorate_reduction"
<https://w3id.org/metpo/1000855>	<http://www.w3.org/2002/07/owl#Class>	"Bromate reduction"		"related"	"BrO₃⁻ reduction"
<https://w3id.org/metpo/1000855>	<http://www.w3.org/2002/07/owl#Class>	"Bromate reduction"		"related"	"Bromate respiration"
<https://w3id.org/metpo/1000856>	<http://www.w3.org/2002/07/owl#Class>	"Iodate reduction"		"related"	"IO₃⁻ reduction"
<https://w3id.org/metpo/1000856>	<http://www.w3.org/2002/07/owl#Class>	"Iodate reduction"		"related"	"Iodate respiration"
<https://w3id.org/metpo/1000857>	<http://www.w3.org/2002/07/owl#Class>	"Nitrite-dependent methane oxidation"		"related"	"Nitrite-driven AOM"
<https://w3id.org/metpo/1000857>	<http://www.w3.org/2002/07/owl#Class>	"Nitrite-dependent methane oxidation"		"related"	"n-DAMO"
<https://w3id.org/metpo/1000858>	<http://www.w3.org/2002/07/owl#Class>	"Nitrate-dependent methane oxidation"		"related"	"N-DAMO"
<https://w3id.org/metpo/1000858>	<http://www.w3.org/2002/07/owl#Class>	"Nitrate-dependent methane oxidation"		"related"	"Nitrate-driven AOM"
<https://w3id.org/metpo/1000859>	<http://www.w3.org/2002/07/owl#Class>	"Hydrogen oxidation"		"related"	"H₂ oxidation"
<https://w3id.org/metpo/1000859>	<http://www.w3.org/2002/07/owl#Class>	"Hydrogen oxidation"		"related"	"Knallgas metabolism"
<https://w3id.org/metpo/1000859>	<http://www.w3.org/2002/07/owl#Class>	"Hydrogen oxidation"		"related"	"hydrogen_oxidation"
<https://w3id.org/metpo/1000859>	<http://www.w3.org/2002/07/owl#Class>	"Hydrogen oxidation"		"related"	"hydrogen_oxidation_dark"
<https://w3id.org/metpo/1000860>	<http://www.w3.org/2002/07/owl#Class>	"Sulfur oxidation"		"related"	"Sox system"
<https://w3id.org/metpo/1000860>	<http://www.w3.org/2002/07/owl#Class>	"Sulfur oxidation"		"related"	"sulfur_oxidation"
<https://w3id.org/metpo/1000861>	<http://www.w3.org/2002/07/owl#Class>	"Nitrification"		"related"	"Ammonia oxidation"
<https://w3id.org/metpo/1000861>	<http://www.w3.org/2002/07/owl#Class>	"Nitrification"		"related"	"Nitrite oxidation"
<https://w3id.org/metpo/1000861>	<http://www.w3.org/2002/07/owl#Class>	"Nitrification"		"related"	"nitrification"
<https://w3id.org/metpo/1000861>	<http://www.w3.org/2002/07/owl#Class>	"Nitrification"		"related"	"nitrite_oxidation"
<https://w3id.org/metpo/1000862>	<http://www.w3.org/2002/07/owl#Class>	"Complete ammonia oxidation"		"related"	"Comammox"
<https://w3id.org/metpo/1000862>	<http://www.w3.org/2002/07/owl#Class>	"Complete ammonia oxidation"		"related"	"Complete nitrification"
<https://w3id.org/metpo/1000862>	<http://www.w3.org/2002/07/owl#Class>	"Complete ammonia oxidation"		"related"	"Single-step nitrification"
<https://w3id.org/metpo/1000863>	<http://www.w3.org/2002/07/owl#Class>	"Carbon monoxide oxidation"		"related"	"CO oxidation"
<https://w3id.org/metpo/1000863>	<http://www.w3.org/2002/07/owl#Class>	"Carbon monoxide oxidation"		"related"	"carbon_monoxide_oxidation"
<https://w3id.org/metpo/1000863>	<http://www.w3.org/2002/07/owl#Class>	"Carbon monoxide oxidation"		"related"	"carbonmonoxide_oxidation"
<https://w3id.org/metpo/1000864>	<http://www.w3.org/2002/07/owl#Class>	"Hydrogenotrophic methanogenesis"		"related"	"CO₂ reduction pathway"
<https://w3id.org/metpo/1000864>	<http://www.w3.org/2002/07/owl#Class>	"Hydrogenotrophic methanogenesis"		"related"	"H₂/CO₂ methanogenesis"
<https://w3id.org/metpo/1000865>	<http://www.w3.org/2002/07/owl#Class>	"Acetoclastic methanogenesis"		"related"	"Acetate cleavage pathway"
<https://w3id.org/metpo/1000865>	<http://www.w3.org/2002/07/owl#Class>	"Acetoclastic methanogenesis"		"related"	"Acetate methanogenesis"
<https://w3id.org/metpo/1000866>	<http://www.w3.org/2002/07/owl#Class>	"Methylotrophic methanogenesis"		"related"	"Methyl compound methanogenesis"
<https://w3id.org/metpo/1000867>	<http://www.w3.org/2002/07/owl#Class>	"Anaerobic methane oxidation"		"related"	"AOM"
<https://w3id.org/metpo/1000868>	<http://www.w3.org/2002/07/owl#Class>	"Lanthanide reduction"			
<https://w3id.org/metpo/1000869>	<http://www.w3.org/2002/07/owl#Class>	"Lanthanide oxidation"			
<https://w3id.org/metpo/1000870>	<http://www.w3.org/2002/07/owl#Class>	"sporulation"		"related"	"General.keywords"
<https://w3id.org/metpo/1000870>	<http://www.w3.org/2002/07/owl#Class>	"sporulation"		"related"	"Physiology and metabolism.spore formation.spore formation"
<https://w3id.org/metpo/1000870>	<http://www.w3.org/2002/07/owl#Class>	"sporulation"		"related"	"sporulation"
<https://w3id.org/metpo/1000871>	<http://www.w3.org/2002/07/owl#Class>	"spore forming"		"related"	"yes"
<https://w3id.org/metpo/1000872>	<http://www.w3.org/2002/07/owl#Class>	"non-spore forming"		"related"	"no"
<https://w3id.org/metpo/1001000>	<http://www.w3.org/2002/07/owl#Class>	"observation"			
<https://w3id.org/metpo/1001001>	<http://www.w3.org/2002/07/owl#Class>	"optimum temperature observation"			
<https://w3id.org/metpo/1001002>	<http://www.w3.org/2002/07/owl#Class>	"growth temperature observation"			
<https://w3id.org/metpo/1001003>	<http://www.w3.org/2002/07/owl#Class>	"temperature range observation"			
<https://w3id.org/metpo/1001004>	<http://www.w3.org/2002/07/owl#Class>	"temperature delta observation"			
<https://w3id.org/metpo/1001005>	<http://www.w3.org/2002/07/owl#Class>	"culture temperature observation"			
<https://w3id.org/metpo/1002000>	<http://www.w3.org/2002/07/owl#Class>	"Sulfate-dependent methane oxidation"			
<https://w3id.org/metpo/1002001>	<http://www.w3.org/2002/07/owl#Class>	"Fe(III)-dependent methane oxidation"			
<https://w3id.org/metpo/1002002>	<http://www.w3.org/2002/07/owl#Class>	"Mn(IV)-dependent methane oxidation"			
<https://w3id.org/metpo/1002003>	<http://www.w3.org/2002/07/owl#Class>	"Cable bacteria metabolism"			
<https://w3id.org/metpo/1002005>	<http://www.w3.org/2002/07/owl#Class>	"Fermentation"			
<https://w3id.org/metpo/1002006>	<http://www.w3.org/2002/07/owl#Class>	"Syntrophy"			
<https://w3id.org/metpo/1002007>	<http://www.w3.org/2002/07/owl#Class>	"Sulfur disproportionation"			
<https://w3id.org/metpo/1002008>	<http://www.w3.org/2002/07/owl#Class>	"Nitrogen fixation"		"related"	"diazotroph"
<https://w3id.org/metpo/1002008>	<http://www.w3.org/2002/07/owl#Class>	"Nitrogen fixation"		"related"	"nitrogen_fixation"
<https://w3id.org/metpo/1002035>	<http://www.w3.org/2002/07/owl#Class>	"Ammonia oxidation"			
<https://w3id.org/metpo/1002036>	<http://www.w3.org/2002/07/owl#Class>	"Nitrite oxidation"			
<https://w3id.org/metpo/1002038>	<http://www.w3.org/2002/07/owl#Class>	"Methane oxidation"			
<https://w3id.org/metpo/2000001>	<http://www.w3.org/2002/07/owl#ObjectProperty>	"organism interacts with chemical"			
<https://w3id.org/metpo/2000002>	<http://www.w3.org/2002/07/owl#ObjectProperty>	"assimilates"		"related"	"assimilation"
<https://w3id.org/metpo/2000003>	<http://www.w3.org/2002/07/owl#ObjectProperty>	"builds acid from"		"related"	"builds acid from"
<https://w3id.org/metpo/2000004>	<http://www.w3.org/2002/07/owl#ObjectProperty>	"builds base from"		"related"	"builds base from"
<https://w3id.org/metpo/2000005>	<http://www.w3.org/2002/07/owl#ObjectProperty>	"builds gas from"		"related"	"builds gas from"
<https://w3id.org/metpo/2000006>	<http://www.w3.org/2002/07/owl#ObjectProperty>	"uses as carbon source"		"related"	"carbon source"
<https://w3id.org/metpo/2000007>	<http://www.w3.org/2002/07/owl#ObjectProperty>	"degrades"		"related"	"degradation"
<https://w3id.org/metpo/2000008>	<http://www.w3.org/2002/07/owl#ObjectProperty>	"uses as electron acceptor"		"related"	"electron acceptor"
<https://w3id.org/metpo/2000009>	<http://www.w3.org/2002/07/owl#ObjectProperty>	"uses as electron donor"		"related"	"electron donor"
<https://w3id.org/metpo/2000010>	<http://www.w3.org/2002/07/owl#ObjectProperty>	"uses as energy source"		"related"	"energy source"
<https://w3id.org/metpo/2000011>	<http://www.w3.org/2002/07/owl#ObjectProperty>	"ferments"		"related"	"fermentation"
<https://w3id.org/metpo/2000012>	<http://www.w3.org/2002/07/owl#ObjectProperty>	"uses for growth"		"related"	"growth"
<https://w3id.org/metpo/2000013>	<http://www.w3.org/2002/07/owl#ObjectProperty>	"hydrolyzes"		"related"	"hydrolysis"
<https://w3id.org/metpo/2000014>	<http://www.w3.org/2002/07/owl#ObjectProperty>	"uses as nitrogen source"		"related"	"nitrogen source"
<https://w3id.org/metpo/2000015>	<http://www.w3.org/2002/07/owl#ObjectProperty>	"uses in other way"		"related"	"other"
<https://w3id.org/metpo/2000016>	<http://www.w3.org/2002/07/owl#ObjectProperty>	"oxidizes"		"related"	"oxidation"
<https://w3id.org/metpo/2000017>	<http://www.w3.org/2002/07/owl#ObjectProperty>	"reduces"		"related"	"reduction"
<https://w3id.org/metpo/2000018>	<http://www.w3.org/2002/07/owl#ObjectProperty>	"requires for growth"		"related"	"required for growth"
<https://w3id.org/metpo/2000019>	<http://www.w3.org/2002/07/owl#ObjectProperty>	"uses for respiration"		"related"	"respiration"
<https://w3id.org/metpo/2000020>	<http://www.w3.org/2002/07/owl#ObjectProperty>	"uses as sulfur source"		"related"	"sulfur source"
<https://w3id.org/metpo/2000021>	<http://www.w3.org/2002/07/owl#ObjectProperty>	"does not use for aerobic catabolization"		"related"	"aerobic catabolization"
<https://w3id.org/metpo/2000022>	<http://www.w3.org/2002/07/owl#ObjectProperty>	"does not use for aerobic growth"		"related"	"aerobic growth"
<https://w3id.org/metpo/2000023>	<http://www.w3.org/2002/07/owl#ObjectProperty>	"does not use for anaerobic catabolization"		"related"	"anaerobic catabolization"
<https://w3id.org/metpo/2000024>	<http://www.w3.org/2002/07/owl#ObjectProperty>	"does not use for anaerobic growth"		"related"	"anaerobic growth"
<https://w3id.org/metpo/2000025>	<http://www.w3.org/2002/07/owl#ObjectProperty>	"does not use for anaerobic growth in the dark"		"related"	"anaerobic growth in the dark"
<https://w3id.org/metpo/2000026>	<http://www.w3.org/2002/07/owl#ObjectProperty>	"does not use for anaerobic growth with light"		"related"	"anaerobic growth with light"
<https://w3id.org/metpo/2000027>	<http://www.w3.org/2002/07/owl#ObjectProperty>	"does not assimilate"		"related"	"assimilation"
<https://w3id.org/metpo/2000028>	<http://www.w3.org/2002/07/owl#ObjectProperty>	"does not build acid from"		"related"	"builds acid from"
<https://w3id.org/metpo/2000029>	<http://www.w3.org/2002/07/owl#ObjectProperty>	"does not build base from"		"related"	"builds base from"
<https://w3id.org/metpo/2000030>	<http://www.w3.org/2002/07/owl#ObjectProperty>	"does not build gas from"		"related"	"builds gas from"
<https://w3id.org/metpo/2000031>	<http://www.w3.org/2002/07/owl#ObjectProperty>	"does not use as carbon source"		"related"	"carbon source"
<https://w3id.org/metpo/2000032>	<http://www.w3.org/2002/07/owl#ObjectProperty>	"uses for aerobic catabolization"		"related"	"aerobic catabolization"
<https://w3id.org/metpo/2000033>	<http://www.w3.org/2002/07/owl#ObjectProperty>	"does not degrade"		"related"	"degradation"
<https://w3id.org/metpo/2000034>	<http://www.w3.org/2002/07/owl#ObjectProperty>	"does not use as electron acceptor"		"related"	"electron acceptor"
<https://w3id.org/metpo/2000035>	<http://www.w3.org/2002/07/owl#ObjectProperty>	"does not use as electron donor"		"related"	"electron donor"
<https://w3id.org/metpo/2000036>	<http://www.w3.org/2002/07/owl#ObjectProperty>	"does not use as energy source"		"related"	"energy source"
<https://w3id.org/metpo/2000037>	<http://www.w3.org/2002/07/owl#ObjectProperty>	"does not ferment"		"related"	"fermentation"
<https://w3id.org/metpo/2000038>	<http://www.w3.org/2002/07/owl#ObjectProperty>	"does not use for growth"		"related"	"growth"
<https://w3id.org/metpo/2000039>	<http://www.w3.org/2002/07/owl#ObjectProperty>	"does not hydrolyze"		"related"	"hydrolysis"
<https://w3id.org/metpo/2000040>	<http://www.w3.org/2002/07/owl#ObjectProperty>	"does not use as nitrogen source"		"related"	"nitrogen source"
<https://w3id.org/metpo/2000041>	<http://www.w3.org/2002/07/owl#ObjectProperty>	"does not use in other way"		"related"	"other"
<https://w3id.org/metpo/2000042>	<http://www.w3.org/2002/07/owl#ObjectProperty>	"does not oxidize"		"related"	"oxidation"
<https://w3id.org/metpo/2000043>	<http://www.w3.org/2002/07/owl#ObjectProperty>	"uses for aerobic growth"		"related"	"aerobic growth"
<https://w3id.org/metpo/2000044>	<http://www.w3.org/2002/07/owl#ObjectProperty>	"does not reduce"		"related"	"reduction"
<https://w3id.org/metpo/2000045>	<http://www.w3.org/2002/07/owl#ObjectProperty>	"is not required for growth"		"related"	"required for growth"
<https://w3id.org/metpo/2000046>	<http://www.w3.org/2002/07/owl#ObjectProperty>	"does not use for respiration"		"related"	"respiration"
<https://w3id.org/metpo/2000047>	<http://www.w3.org/2002/07/owl#ObjectProperty>	"does not use as sulfur source"		"related"	"sulfur source"
<https://w3id.org/metpo/2000048>	<http://www.w3.org/2002/07/owl#ObjectProperty>	"uses for anaerobic catabolization"		"related"	"anaerobic catabolization"
<https://w3id.org/metpo/2000049>	<http://www.w3.org/2002/07/owl#ObjectProperty>	"uses for anaerobic growth"		"related"	"anaerobic growth"
<https://w3id.org/metpo/2000050>	<http://www.w3.org/2002/07/owl#ObjectProperty>	"uses for anaerobic growth in the dark"		"related"	"anaerobic growth in the dark"
<https://w3id.org/metpo/2000051>	<http://www.w3.org/2002/07/owl#ObjectProperty>	"uses for anaerobic growth with light"		"related"	"anaerobic growth with light"
<https://w3id.org/metpo/2000052>	<http://www.w3.org/2002/07/owl#ObjectProperty>	"has temperature observation"			
<https://w3id.org/metpo/2000053>	<http://www.w3.org/2002/07/owl#ObjectProperty>	"has optimum temperature observation"			
<https://w3id.org/metpo/2000054>	<http://www.w3.org/2002/07/owl#ObjectProperty>	"has growth temperature observation"			
<https://w3id.org/metpo/2000055>	<http://www.w3.org/2002/07/owl#ObjectProperty>	"has range temperature observation"			
<https://w3id.org/metpo/2000056>	<http://www.w3.org/2002/07/owl#ObjectProperty>	"has temperature delta observation"			
<https://w3id.org/metpo/2000057>	<http://www.w3.org/2002/07/owl#ObjectProperty>	"has culture temperature observation"			
<https://w3id.org/metpo/2000058>	<http://www.w3.org/2002/07/owl#DatatypeProperty>	"has spot value"			
<https://w3id.org/metpo/2000059>	<http://www.w3.org/2002/07/owl#DatatypeProperty>	"has minimum value"			
<https://w3id.org/metpo/2000060>	<http://www.w3.org/2002/07/owl#DatatypeProperty>	"has maximum value"			
<https://w3id.org/metpo/2000061>	<http://www.w3.org/2002/07/owl#DatatypeProperty>	"has value comments"			
<https://w3id.org/metpo/2000062>	<http://www.w3.org/2002/07/owl#DatatypeProperty>	"is negative data"			
<https://w3id.org/metpo/2000063>	<http://www.w3.org/2002/07/owl#DatatypeProperty>	"observation data property"			
<https://w3id.org/metpo/2000101>	<http://www.w3.org/2002/07/owl#ObjectProperty>	"has quality"			
<https://w3id.org/metpo/2000102>	<http://www.w3.org/2002/07/owl#ObjectProperty>	"has phenotype"			
<https://w3id.org/metpo/2000103>	<http://www.w3.org/2002/07/owl#ObjectProperty>	"capable of"			
