tema_id	value	uri	modified_by	modified_on
352	exactMatch	http://doi.org/10.1601/concept.352	1	2015-03-19 21:33:11
1083	exactMatch	https://pubchem.ncbi.nlm.nih.gov/compound/644160	3	2015-04-08 17:11:03
1083	exactMatch	https://www.ebi.ac.uk/chebi/searchId.do;BE94EB66F30D4F0AEF486B86718E644C?chebiId=CHEBI:15936	3	2015-04-08 17:13:21
1084	exactMatch	https://pubchem.ncbi.nlm.nih.gov/compound/6036#section=Top	3	2015-04-08 17:28:12
1084	exactMatch	http://www.ebi.ac.uk/chebi/searchId.do?chebiId=CHEBI:4139	3	2015-04-08 17:28:38
1085	exactMatch	http://www.ebi.ac.uk/chebi/searchId.do?chebiId=CHEBI:17925	3	2015-04-08 18:23:49
1085	exactMatch	https://pubchem.ncbi.nlm.nih.gov/compound/79025	3	2015-04-08 18:24:20
1086	exactMatch	http://www.ebi.ac.uk/chebi/searchId.do?chebiId=CHEBI:48095	3	2015-04-08 18:31:19
1086	exactMatch	https://pubchem.ncbi.nlm.nih.gov/compound/5984	3	2015-04-08 18:32:20
1087	exactMatch	https://pubchem.ncbi.nlm.nih.gov/compound/18950	3	2015-04-08 18:50:37
1087	exactMatch	http://www.ebi.ac.uk/chebi/searchId.do?chebiId=CHEBI:4208	3	2015-04-08 18:52:20
1101	exactMatch	http://www.ebi.ac.uk/chebi/searchId.do?chebiId=CHEBI:17754	3	2015-04-10 17:01:35
1101	exactMatch	https://pubchem.ncbi.nlm.nih.gov/compound/753	3	2015-04-10 17:01:58
1091	exactMatch	http://www.ebi.ac.uk/chebi/searchId.do?chebiId=CHEBI:28009	3	2015-04-08 19:33:00
1091	exactMatch	https://pubchem.ncbi.nlm.nih.gov/compound/24139	3	2015-04-08 19:33:21
1093	exactMatch	http://www.ebi.ac.uk/chebi/searchId.do?chebiId=CHEBI:27613	3	2015-04-08 20:15:53
1093	exactMatch	https://pubchem.ncbi.nlm.nih.gov/compound/34751	3	2015-04-08 20:17:03
1094	exactMatch	https://pubchem.ncbi.nlm.nih.gov/compound/440936	3	2015-04-10 14:29:04
1094	exactMatch	http://www.ebi.ac.uk/chebi/searchId.do?chebiId=CHEBI:18305	3	2015-04-10 14:29:31
1095	exactMatch	https://pubchem.ncbi.nlm.nih.gov/compound/439503	3	2015-04-10 14:35:04
1095	exactMatch	http://www.ebi.ac.uk/chebi/searchId.do?chebiId=CHEBI:17814	3	2015-04-10 14:35:34
1096	exactMatch	https://pubchem.ncbi.nlm.nih.gov/compound/439178	3	2015-04-10 14:47:19
1096	exactMatch	http://www.ebi.ac.uk/chebi/searchId.do?chebiId=CHEBI:17057	3	2015-04-10 14:47:38
1097	exactMatch	http://www.ebi.ac.uk/chebi/searchId.do?chebiId=CHEBI:18147	3	2015-04-10 15:26:05
1097	exactMatch	https://pubchem.ncbi.nlm.nih.gov/compound/6255	3	2015-04-10 15:26:57
1098	exactMatch	https://pubchem.ncbi.nlm.nih.gov/compound/6134	3	2015-04-10 15:36:01
1098	exactMatch	http://www.ebi.ac.uk/chebi/searchId.do?chebiId=CHEBI:36218	3	2015-04-10 15:36:25
1099	exactMatch	http://www.ebi.ac.uk/chebi/searchId.do?chebiId=CHEBI:16551	3	2015-04-10 15:44:35
1099	exactMatch	https://pubchem.ncbi.nlm.nih.gov/compound/7427	3	2015-04-10 15:45:11
1100	exactMatch	http://www.ebi.ac.uk/chebi/searchId.do?chebiId=CHEBI:71422	3	2015-04-10 16:08:32
1100	exactMatch	https://pubchem.ncbi.nlm.nih.gov/compound/441422	3	2015-04-10 16:09:17
1089	exactMatch	http://www.ebi.ac.uk/chebi/searchId.do?chebiId=CHEBI:17924	3	2015-04-10 16:36:36
1089	exactMatch	https://pubchem.ncbi.nlm.nih.gov/compound/5780	3	2015-04-10 16:37:09
1102	exactMatch	http://www.ebi.ac.uk/chebi/searchId.do?chebiId=CHEBI:17113	3	2015-04-10 17:06:00
1102	exactMatch	https://pubchem.ncbi.nlm.nih.gov/compound/222285	3	2015-04-10 17:06:34
1103	exactMatch	http://www.ebi.ac.uk/chebi/searchId.do?chebiId=CHEBI:46983	3	2015-04-10 17:13:10
1103	exactMatch	https://pubchem.ncbi.nlm.nih.gov/compound/66308	3	2015-04-10 17:13:33
1104	exactMatch	http://www.ebi.ac.uk/chebi/searchId.do?chebiId=CHEBI:6182	3	2015-04-10 17:17:13
1104	exactMatch	https://pubchem.ncbi.nlm.nih.gov/compound/5460291	3	2015-04-10 17:17:39
1105	exactMatch	http://www.ebi.ac.uk/chebi/searchId.do?chebiId=CHEBI:47014	3	2015-04-10 18:21:15
1105	exactMatch	https://pubchem.ncbi.nlm.nih.gov/compound/5311110	3	2015-04-10 18:21:35
1106	exactMatch	https://pubchem.ncbi.nlm.nih.gov/compound/95259	3	2015-04-10 18:36:28
1106	exactMatch	http://www.ebi.ac.uk/chebi/searchId.do?chebiId=CHEBI:17979	3	2015-04-10 18:37:00
1108	exactMatch	http://www.ebi.ac.uk/chebi/searchId.do?chebiId=CHEBI:13172	3	2015-04-10 18:48:27
1108	exactMatch	https://pubchem.ncbi.nlm.nih.gov/compound/6904	3	2015-04-10 18:48:45
1111	exactMatch	https://pubchem.ncbi.nlm.nih.gov/compound/11850	3	2015-04-10 19:34:27
1111	exactMatch	http://www.ebi.ac.uk/chebi/searchId.do?chebiId=CHEBI:16813	3	2015-04-10 19:34:03
1110	exactMatch	https://pubchem.ncbi.nlm.nih.gov/compound/19233	3	2015-04-10 19:13:04
1110	exactMatch	http://www.ebi.ac.uk/chebi/searchId.do?chebiId=CHEBI:16055	3	2015-04-10 19:13:32
1112	exactMatch	http://www.ebi.ac.uk/chebi/searchId.do?chebiId=CHEBI:16899	3	2015-04-10 19:58:13
1112	exactMatch	https://pubchem.ncbi.nlm.nih.gov/compound/6251	3	2015-04-10 19:58:36
1114	exactMatch	https://pubchem.ncbi.nlm.nih.gov/compound/11458	3	2015-04-10 20:15:51
1114	exactMatch	http://www.ebi.ac.uk/chebi/searchId.do?chebiId=CHEBI:61827	3	2015-04-10 20:16:10
550	exactMatch	http://www.ebi.ac.uk/chebi/searchId.do?chebiId=CHEBI:17992	3	2015-04-10 20:31:50
550	exactMatch	https://pubchem.ncbi.nlm.nih.gov/compound/5988	3	2015-04-10 20:32:08
1072	exactMatch	http://www.ebi.ac.uk/chebi/searchId.do?chebiId=15443	3	2015-04-13 15:27:44
1072	exactMatch	https://pubchem.ncbi.nlm.nih.gov/compound/24763	3	2015-04-13 15:28:06
1117	exactMatch	https://pubchem.ncbi.nlm.nih.gov/compound/92817	3	2015-04-13 15:37:04
1117	exactMatch	http://www.ebi.ac.uk/chebi/searchId.do?chebiId=CHEBI:6731	3	2015-04-13 15:37:18
1118	exactMatch	http://www.ebi.ac.uk/chebi/searchId.do?chebiId=CHEBI:32528	3	2015-04-13 15:43:32
1118	exactMatch	https://pubchem.ncbi.nlm.nih.gov/compound/5460935	3	2015-04-13 15:43:53
1119	exactMatch	https://pubchem.ncbi.nlm.nih.gov/compound/65550	3	2015-04-13 15:48:53
1119	exactMatch	http://www.ebi.ac.uk/chebi/searchId.do?chebiId=CHEBI:16789	3	2015-04-13 15:49:11
1120	exactMatch	http://www.ebi.ac.uk/chebi/searchId.do?chebiId=CHEBI:47693	3	2015-04-13 15:58:59
1120	exactMatch	https://pubchem.ncbi.nlm.nih.gov/compound/92092	3	2015-04-13 15:59:14
1121	exactMatch	https://pubchem.ncbi.nlm.nih.gov/compound/444200	3	2015-04-13 16:05:48
1121	exactMatch	http://www.ebi.ac.uk/chebi/searchId.do?chebiId=CHEBI:42564	3	2015-04-13 16:06:02
1122	exactMatch	http://www.ebi.ac.uk/chebi/searchId.do?chebiId=CHEBI:2181	3	2015-04-13 16:11:13
1122	exactMatch	https://pubchem.ncbi.nlm.nih.gov/compound/17106	3	2015-04-13 16:11:33
1124	exactMatch	https://pubchem.ncbi.nlm.nih.gov/compound/94154	3	2015-04-13 16:43:28
1124	exactMatch	http://www.ebi.ac.uk/chebi/searchId.do?chebiId=CHEBI:18333	3	2015-04-13 16:43:53
1125	exactMatch	https://pubchem.ncbi.nlm.nih.gov/compound/439255	3	2015-04-13 16:59:26
1125	exactMatch	http://www.ebi.ac.uk/chebi/searchId.do?chebiId=CHEBI:18403	3	2015-04-13 16:59:47
1128	exactMatch	https://pubchem.ncbi.nlm.nih.gov/compound/11096158	3	2015-04-13 17:29:21
1128	exactMatch	http://www.ebi.ac.uk/chebi/searchId.do?chebiId=CHEBI:63154	3	2015-04-13 17:29:36
1129	exactMatch	https://pubchem.ncbi.nlm.nih.gov/compound/35717	3	2015-04-13 17:36:27
1129	exactMatch	http://www.ebi.ac.uk/chebi/searchId.do?chebiId=CHEBI:28037	3	2015-04-13 17:36:52
1130	exactMatch	http://www.ebi.ac.uk/chebi/searchId.do?chebiId=CHEBI:45744	3	2015-04-13 18:42:45
1130	exactMatch	https://pubchem.ncbi.nlm.nih.gov/compound/445063	3	2015-04-13 18:43:24
1131	exactMatch	http://www.ebi.ac.uk/chebi/searchId.do?chebiId=CHEBI:17596	3	2015-04-13 18:57:40
1131	exactMatch	https://pubchem.ncbi.nlm.nih.gov/compound/6021	3	2015-04-13 18:58:08
1132	exactMatch	http://www.ebi.ac.uk/chebi/searchId.do?chebiId=CHEBI:24848	3	2015-04-13 19:14:10
1132	exactMatch	https://pubchem.ncbi.nlm.nih.gov/compound/892	3	2015-04-13 19:14:34
1133	exactMatch	http://www.ebi.ac.uk/chebi/searchId.do?chebiId=CHEBI:17364	3	2015-04-13 19:32:54
1133	exactMatch	https://pubchem.ncbi.nlm.nih.gov/compound/83887	3	2015-04-13 19:33:12
1134	exactMatch	https://pubchem.ncbi.nlm.nih.gov/compound/71077	3	2015-04-13 19:53:37
1134	exactMatch	http://www.ebi.ac.uk/chebi/searchId.do?chebiId=CHEBI:16523	3	2015-04-13 19:54:00
1135	exactMatch	http://www.ebi.ac.uk/chebi/searchId.do?chebiId=CHEBI:70744	3	2015-04-13 20:03:58
1135	exactMatch	https://pubchem.ncbi.nlm.nih.gov/compound/3013625	3	2015-04-13 20:04:44
1136	exactMatch	http://www.ebi.ac.uk/chebi/searchId.do?chebiId=CHEBI:16977	3	2015-04-13 20:23:17
1136	exactMatch	https://pubchem.ncbi.nlm.nih.gov/compound/5950	3	2015-04-13 20:23:37
1137	exactMatch	http://www.ebi.ac.uk/chebi/searchId.do?chebiId=CHEBI:16467	3	2015-04-13 20:38:58
1137	exactMatch	https://pubchem.ncbi.nlm.nih.gov/compound/6322	3	2015-04-13 20:39:31
1138	exactMatch	https://pubchem.ncbi.nlm.nih.gov/compound/5960	3	2015-04-13 20:47:04
1138	exactMatch	http://www.ebi.ac.uk/chebi/searchId.do?chebiId=CHEBI:17053	3	2015-04-13 20:47:18
1139	exactMatch	http://www.ebi.ac.uk/chebi/searchId.do?chebiId=CHEBI:16015	3	2015-04-14 14:03:34
1139	exactMatch	https://pubchem.ncbi.nlm.nih.gov/compound/33032	3	2015-04-14 14:03:59
1140	exactMatch	http://www.ebi.ac.uk/chebi/searchId.do?chebiId=CHEBI:15971	3	2015-04-14 14:07:22
1140	exactMatch	https://pubchem.ncbi.nlm.nih.gov/compound/6274	3	2015-04-14 14:07:44
1141	exactMatch	http://www.ebi.ac.uk/chebi/searchId.do?chebiId=CHEBI:18183	3	2015-04-14 14:11:01
1141	exactMatch	https://pubchem.ncbi.nlm.nih.gov/compound/7405	3	2015-04-14 14:11:20
1142	exactMatch	http://www.ebi.ac.uk/chebi/searchId.do?chebiId=CHEBI:17115	3	2015-04-14 14:13:48
1142	exactMatch	https://pubchem.ncbi.nlm.nih.gov/compound/5951	3	2015-04-14 14:14:08
1143	exactMatch	http://www.ebi.ac.uk/chebi/searchId.do?chebiId=CHEBI:47954	3	2015-04-14 14:40:46
1143	exactMatch	https://pubchem.ncbi.nlm.nih.gov/compound/441476	3	2015-04-14 14:41:04
1145	exactMatch	https://pubchem.ncbi.nlm.nih.gov/compound/10690	3	2015-04-14 14:50:33
1145	exactMatch	http://www.ebi.ac.uk/chebi/searchId.do?chebiId=CHEBI:33198	3	2015-04-14 14:50:05
1146	exactMatch	http://www.ebi.ac.uk/chebi/searchId.do?chebiId=CHEBI:30852	3	2015-04-14 14:59:45
1146	exactMatch	https://pubchem.ncbi.nlm.nih.gov/compound/3037582	3	2015-04-14 15:00:03
1147	exactMatch	http://www.ebi.ac.uk/chebi/searchId.do?chebiId=CHEBI:16002	3	2015-04-14 15:03:35
1147	exactMatch	https://pubchem.ncbi.nlm.nih.gov/compound/33037	3	2015-04-14 15:04:03
1149	exactMatch	https://pubchem.ncbi.nlm.nih.gov/compound/107689	3	2015-04-14 15:14:56
1149	exactMatch	http://www.ebi.ac.uk/chebi/searchId.do?chebiId=CHEBI:422	3	2015-04-14 15:14:35
1150	exactMatch	http://www.ebi.ac.uk/chebi/searchId.do?chebiId=CHEBI:30769	3	2015-04-14 15:17:24
1150	exactMatch	https://pubchem.ncbi.nlm.nih.gov/compound/311	3	2015-04-14 15:17:45
1151	exactMatch	http://www.ebi.ac.uk/chebi/searchId.do?chebiId=CHEBI:30915	3	2015-04-14 15:22:33
1151	exactMatch	https://pubchem.ncbi.nlm.nih.gov/compound/51	3	2015-04-14 15:22:56
1152	exactMatch	https://pubchem.ncbi.nlm.nih.gov/compound/92824	3	2015-04-14 15:31:49
1152	exactMatch	http://www.ebi.ac.uk/chebi/searchId.do?chebiId=CHEBI:30796	3	2015-04-14 15:31:35
1153	exactMatch	http://www.ebi.ac.uk/chebi/searchId.do?chebiId=CHEBI:30797	3	2015-04-14 15:36:01
1153	exactMatch	https://pubchem.ncbi.nlm.nih.gov/compound/222656	3	2015-04-14 15:36:37
1154	exactMatch	http://www.ebi.ac.uk/chebi/searchId.do?chebiId=CHEBI:73712	3	2015-04-14 15:40:23
1154	exactMatch	https://pubchem.ncbi.nlm.nih.gov/compound/73557	3	2015-04-14 15:40:38
1156	exactMatch	http://www.ebi.ac.uk/chebi/searchId.do?chebiId=CHEBI:1148	3	2015-04-14 16:07:15
1156	exactMatch	https://pubchem.ncbi.nlm.nih.gov/compound/11266	3	2015-04-14 16:07:56
1157	exactMatch	http://www.ebi.ac.uk/chebi/searchId.do?chebiId=CHEBI:20067	3	2015-04-14 16:28:22
1157	exactMatch	https://pubchem.ncbi.nlm.nih.gov/compound/441	3	2015-04-14 16:28:49
1158	exactMatch	https://pubchem.ncbi.nlm.nih.gov/compound/96	3	2015-04-14 17:32:27
1158	exactMatch	http://www.ebi.ac.uk/chebi/searchId.do?chebiId=CHEBI:15344	3	2015-04-14 17:32:40
1159	exactMatch	http://www.ebi.ac.uk/chebi/searchId.do?chebiId=CHEBI:30768	3	2015-04-14 18:47:36
1159	exactMatch	https://pubchem.ncbi.nlm.nih.gov/compound/1032	3	2015-04-14 18:47:55
1160	exactMatch	http://www.ebi.ac.uk/chebi/searchId.do?chebiId=CHEBI:15366	3	2015-04-14 18:53:40
1160	exactMatch	https://pubchem.ncbi.nlm.nih.gov/compound/176	3	2015-04-14 18:54:08
1161	exactMatch	http://www.ebi.ac.uk/chebi/searchId.do?chebiId=CHEBI:30751	3	2015-04-14 19:00:43
1161	exactMatch	https://pubchem.ncbi.nlm.nih.gov/compound/284	3	2015-04-14 19:02:32
1162	exactMatch	http://www.ebi.ac.uk/chebi/searchId.do?chebiId=CHEBI:40585	3	2015-04-14 19:25:29
1162	exactMatch	https://pubchem.ncbi.nlm.nih.gov/compound/444913	3	2015-04-14 19:25:46
1163	exactMatch	http://www.ebi.ac.uk/chebi/searchId.do?chebiId=CHEBI:37724	3	2015-04-14 19:39:24
1163	exactMatch	https://pubchem.ncbi.nlm.nih.gov/compound/5460024	3	2015-04-14 19:39:39
1164	exactMatch	http://www.ebi.ac.uk/chebi/searchId.do?chebiId=CHEBI:17784	3	2015-04-16 15:47:53
1164	exactMatch	https://pubchem.ncbi.nlm.nih.gov/compound/73563	3	2015-04-16 15:48:28
1166	exactMatch	http://www.ebi.ac.uk/chebi/searchId.do?chebiId=CHEBI:29042	3	2015-04-16 15:59:45
1166	exactMatch	https://pubchem.ncbi.nlm.nih.gov/compound/65533	3	2015-04-16 16:00:07
1167	exactMatch	http://www.ebi.ac.uk/chebi/searchId.do?chebiId=CHEBI:6359	3	2015-04-16 16:10:29
1167	exactMatch	https://pubchem.ncbi.nlm.nih.gov/compound/11333	3	2015-04-16 16:10:46
1170	exactMatch	https://www.ebi.ac.uk/chebi/searchId.do?chebiId=15428	3	2015-04-16 19:06:44
1170	exactMatch	https://pubchem.ncbi.nlm.nih.gov/compound/750	3	2015-04-16 19:07:04
1171	exactMatch	http://www.ebi.ac.uk/chebi/searchId.do?chebiId=CHEBI:16414	3	2015-04-16 19:32:15
1171	exactMatch	https://pubchem.ncbi.nlm.nih.gov/compound/6287	3	2015-04-16 19:34:25
1172	exactMatch	http://www.ebi.ac.uk/chebi/searchId.do?chebiId=CHEBI:15603	3	2015-04-16 20:15:04
1172	exactMatch	https://pubchem.ncbi.nlm.nih.gov/compound/6106	3	2015-04-16 20:15:24
1173	exactMatch	http://www.ebi.ac.uk/chebi/searchId.do?chebiId=CHEBI:17191	3	2015-04-16 20:20:57
1173	exactMatch	https://pubchem.ncbi.nlm.nih.gov/compound/6306	3	2015-04-16 20:21:16
1174	exactMatch	http://www.ebi.ac.uk/chebi/searchId.do?chebiId=CHEBI:17203	3	2015-04-16 20:42:47
1174	exactMatch	https://pubchem.ncbi.nlm.nih.gov/compound/145742	3	2015-04-16 20:43:27
1175	exactMatch	http://www.ebi.ac.uk/chebi/searchId.do?chebiId=CHEBI:17561	3	2015-04-17 15:13:30
1175	exactMatch	https://pubchem.ncbi.nlm.nih.gov/compound/5862	3	2015-04-17 15:13:50
1176	exactMatch	http://www.ebi.ac.uk/chebi/searchId.do?chebiId=CHEBI:16643	3	2015-04-17 15:20:28
1176	exactMatch	https://pubchem.ncbi.nlm.nih.gov/compound/6137	3	2015-04-17 15:20:54
1177	exactMatch	http://www.ebi.ac.uk/chebi/searchId.do?chebiId=CHEBI:17295	3	2015-04-17 15:27:52
1177	exactMatch	https://pubchem.ncbi.nlm.nih.gov/compound/6140	3	2015-04-17 15:28:14
1178	exactMatch	http://www.ebi.ac.uk/chebi/searchId.do?chebiId=CHEBI:16828	3	2015-04-17 15:32:04
1178	exactMatch	https://pubchem.ncbi.nlm.nih.gov/compound/6305	3	2015-04-17 15:32:20
1179	exactMatch	http://www.ebi.ac.uk/chebi/searchId.do?chebiId=CHEBI:16857	3	2015-04-17 15:46:09
1179	exactMatch	https://pubchem.ncbi.nlm.nih.gov/compound/6288	3	2015-04-17 15:46:26
1180	exactMatch	http://www.ebi.ac.uk/chebi/searchId.do?chebiId=CHEBI:17895	3	2015-04-17 16:00:48
1180	exactMatch	https://pubchem.ncbi.nlm.nih.gov/compound/6057	3	2015-04-17 16:01:05
1181	exactMatch	http://www.ebi.ac.uk/chebi/searchId.do?chebiId=CHEBI:17196	3	2015-04-17 16:07:33
1181	exactMatch	https://pubchem.ncbi.nlm.nih.gov/compound/6267	3	2015-04-17 16:08:02
1182	exactMatch	http://www.ebi.ac.uk/chebi/searchId.do?chebiId=CHEBI:18050	3	2015-04-17 16:27:59
1182	exactMatch	https://pubchem.ncbi.nlm.nih.gov/compound/5961	3	2015-04-17 16:28:16
1183	exactMatch	http://www.ebi.ac.uk/chebi/searchId.do?chebiId=CHEBI:18019	3	2015-04-17 16:38:15
1183	exactMatch	https://pubchem.ncbi.nlm.nih.gov/compound/5962	3	2015-04-17 16:40:09
1185	exactMatch	https://www.ebi.ac.uk/chebi/searchId.do?chebiId=16633	3	2015-04-17 17:17:59
1185	exactMatch	https://pubchem.ncbi.nlm.nih.gov/compound/25076	3	2015-04-17 17:18:13
1186	exactMatch	http://www.ebi.ac.uk/chebi/searchId.do?chebiId=CHEBI:21860	3	2015-04-17 18:29:10
1186	exactMatch	https://pubchem.ncbi.nlm.nih.gov/compound/5460671	3	2015-04-17 18:29:41
1187	exactMatch	http://www.ebi.ac.uk/chebi/searchId.do?chebiId=CHEBI:16552	3	2015-04-17 18:38:12
1187	exactMatch	https://pubchem.ncbi.nlm.nih.gov/compound/439750	3	2015-04-17 18:38:28
1188	exactMatch	http://www.ebi.ac.uk/chebi/searchId.do?chebiId=CHEBI:320061	3	2015-04-17 19:02:23
1188	exactMatch	https://pubchem.ncbi.nlm.nih.gov/compound/64947	3	2015-04-17 19:02:38
1189	exactMatch	http://www.ebi.ac.uk/chebi/searchId.do?chebiId=CHEBI:30832	3	2015-04-17 19:12:54
1189	exactMatch	https://pubchem.ncbi.nlm.nih.gov/compound/196	3	2015-04-17 19:13:11
1190	exactMatch	http://www.ebi.ac.uk/chebi/searchId.do?chebiId=CHEBI:30813	3	2015-04-17 19:27:20
1190	exactMatch	https://pubchem.ncbi.nlm.nih.gov/compound/2969	3	2015-04-17 19:27:45
1454	exactMatch	http://www.ebi.ac.uk/chebi/searchId.do?chebiId=CHEBI:53455	3	2015-08-11 13:59:23
1455	exactMatch	http://www.ebi.ac.uk/chebi/searchId.do?chebiId=CHEBI:46994	3	2015-08-11 17:55:12
1455	exactMatch	https://pubchem.ncbi.nlm.nih.gov/compound/6902	3	2015-08-11 17:55:47
1456	exactMatch	http://www.ebi.ac.uk/chebi/searchId.do?chebiId=CHEBI:40886	3	2015-08-11 17:58:28
1456	exactMatch	https://pubchem.ncbi.nlm.nih.gov/compound/439764	3	2015-08-11 17:59:02
1457	exactMatch	http://www.ebi.ac.uk/chebi/searchId.do?chebiId=CHEBI:82838	3	2015-08-11 19:01:47
1457	exactMatch	https://pubchem.ncbi.nlm.nih.gov/compound/439240	3	2015-08-11 19:02:02
1459	exactMatch	http://www.ebi.ac.uk/chebi/searchId.do?chebiId=CHEBI:28860	3	2015-08-11 20:42:59
1459	exactMatch	https://pubchem.ncbi.nlm.nih.gov/compound/441478	3	2015-08-11 20:43:33
1460	exactMatch	http://www.ebi.ac.uk/chebi/searchId.do?chebiId=CHEBI:16865	3	2015-08-12 13:57:26
1460	exactMatch	https://pubchem.ncbi.nlm.nih.gov/compound/119	3	2015-08-12 13:58:48
1461	exactMatch	http://www.ebi.ac.uk/chebi/searchId.do?chebiId=CHEBI:50398	3	2015-08-12 15:26:53
1461	exactMatch	https://pubchem.ncbi.nlm.nih.gov/compound/12522	3	2015-08-12 15:27:26
1462	exactMatch	http://www.ebi.ac.uk/chebi/searchId.do?chebiId=CHEBI:15741	3	2015-08-12 15:29:22
1462	exactMatch	https://pubchem.ncbi.nlm.nih.gov/compound/1110	3	2015-08-12 15:30:02
1463	exactMatch	http://www.ebi.ac.uk/chebi/searchId.do;jsessionid?chebiId=CHEBI:75146	3	2015-08-12 15:56:04
1463	exactMatch	https://pubchem.ncbi.nlm.nih.gov/compound/77487#section=Top	3	2015-08-12 15:56:21
1464	exactMatch	http://www.ebi.ac.uk/chebi/searchId.do?chebiId=CHEBI:15673	3	2015-08-12 16:01:00
1464	exactMatch	https://pubchem.ncbi.nlm.nih.gov/compound/447315	3	2015-08-12 16:01:23
1465	exactMatch	http://www.ebi.ac.uk/chebi/searchId.do?chebiId=CHEBI:30817	3	2015-08-12 16:03:10
1465	exactMatch	https://pubchem.ncbi.nlm.nih.gov/compound/736715	3	2015-08-12 16:03:23
1466	exactMatch	http://www.ebi.ac.uk/chebi/searchId.do?chebiId=CHEBI:30818	3	2015-08-12 16:04:30
1468	exactMatch	http://www.ebi.ac.uk/chebi/searchId.do?chebiId=CHEBI:73788	3	2015-08-12 16:11:29
1468	exactMatch	https://pubchem.ncbi.nlm.nih.gov/compound/123935	3	2015-08-12 16:11:40
1469	exactMatch	http://www.ebi.ac.uk/chebi/searchId.do?chebiId=CHEBI:73771	3	2015-08-12 16:20:22
1469	exactMatch	https://pubchem.ncbi.nlm.nih.gov/compound/9837455	3	2015-08-12 16:20:51
1470	exactMatch	http://www.ebi.ac.uk/chebi/searchId.do?chebiId=CHEBI:73762	3	2015-08-12 16:22:25
1470	exactMatch	https://pubchem.ncbi.nlm.nih.gov/compound/6427004	3	2015-08-12 16:22:37
1471	exactMatch	http://www.ebi.ac.uk/chebi/searchId.do?chebiId=CHEBI:73804	3	2015-08-12 16:35:49
1471	exactMatch	https://pubchem.ncbi.nlm.nih.gov/compound/6427004	3	2015-08-12 16:36:12
1472	exactMatch	http://www.ebi.ac.uk/chebi/searchId.do?chebiId=CHEBI:73898	3	2015-08-12 16:38:46
1472	exactMatch	https://pubchem.ncbi.nlm.nih.gov/compound/123913	3	2015-08-12 16:39:11
1473	exactMatch	http://www.ebi.ac.uk/chebi/searchId.do?chebiId=CHEBI:74120	3	2015-08-12 16:48:47
1473	exactMatch	https://pubchem.ncbi.nlm.nih.gov/compound/151282	3	2015-08-12 16:49:08
1474	exactMatch	http://www.ebi.ac.uk/chebi/searchId.do?chebiId=CHEBI:17748	3	2015-08-12 16:51:16
1474	exactMatch	https://pubchem.ncbi.nlm.nih.gov/compound/5789#section=Top	3	2015-08-12 16:51:27
1475	exactMatch	http://www.ebi.ac.uk/chebi/searchId.do?chebiId=CHEBI:16704	3	2015-08-12 17:17:09
1475	exactMatch	https://pubchem.ncbi.nlm.nih.gov/compound/6029	3	2015-08-12 17:17:26
1476	exactMatch	http://www.ebi.ac.uk/chebi/searchId.do?chebiId=CHEBI:53258	3	2015-08-12 17:23:18
1476	exactMatch	https://pubchem.ncbi.nlm.nih.gov/compound/6224	3	2015-08-12 17:24:45
1480	exactMatch	http://www.ebi.ac.uk/chebi/searchId.do;?chebiId=CHEBI%3A44245	3	2015-08-14 15:53:06
1481	exactMatch	http://www.ebi.ac.uk/chebi/searchId.do;?chebiId=CHEBI%3A44027	3	2015-08-14 16:56:15
1482	exactMatch	http://www.ebi.ac.uk/chebi/searchId.do;?chebiId=CHEBI%3A44147	3	2015-08-14 16:59:30
1483	exactMatch	https://www.ebi.ac.uk/chebi/searchId.do?chebiId=CHEBI:78277	3	2015-08-14 17:25:56
1490	exactMatch	http://www.ebi.ac.uk/chebi/searchId.do;?chebiId=CHEBI%3A46448	3	2015-08-14 19:10:01
1491	exactMatch	http://www.ebi.ac.uk/chebi/searchId.do;jsessionid=?chebiId=CHEBI%3A61683	3	2015-08-14 19:19:13
1492	exactMatch	http://www.ebi.ac.uk/chebi/searchId.do;?chebiId=CHEBI%3A18160	3	2015-08-14 19:25:43
1493	exactMatch	http://www.ebi.ac.uk/chebi/searchId.do?chebiId=CHEBI:46245	3	2015-08-14 19:32:17
1494	exactMatch	http://www.ebi.ac.uk/chebi/searchId.do;?chebiId=CHEBI:52971	3	2015-08-14 19:50:41
1497	exactMatch	http://www.ebi.ac.uk/chebi/searchId.do?chebiId=CHEBI:48455	3	2015-08-14 20:00:31
1512	exactMatch	http://www.biomerieux-usa.com/clinical/api	3	2015-10-09 19:32:43
1520	exactMatch	http://biocyc.org/META/NEW-IMAGE?type=EC-NUMBER&object=EC-3.4.21.4	3	2015-10-09 19:58:00
1520	exactMatch	http://www.genome.jp/dbget-bin/www_bget?enzyme+3.4.21.4	3	2015-10-09 19:58:36
1521	exactMatch	http://biocyc.org/META/NEW-IMAGE?type=EC-NUMBER&object=EC-3.4.21.1	3	2015-10-12 17:11:21
1521	exactMatch	http://www.genome.jp/dbget-bin/www_bget?enzyme+3.4.21.1	3	2015-10-12 17:11:52
1522	exactMatch	http://biocyc.org/META/NEW-IMAGE?type=EC-NUMBER&object=EC-3.1.3.2	3	2015-10-12 17:14:43
1522	exactMatch	http://www.genome.jp/dbget-bin/www_bget?enzyme+3.1.3.2	3	2015-10-12 17:15:15
1513	exactMatch	http://biocyc.org/META/NEW-IMAGE?type=EC-NUMBER&object=EC-3.1.3.1	3	2015-10-12 17:19:06
1513	exactMatch	http://www.genome.jp/dbget-bin/www_bget?enzyme+3.1.3.1	3	2015-10-12 17:19:26
1529	exactMatch	http://biocyc.org/META/NEW-IMAGE?type=EC-NUMBER&object=EC-3.2.1.51	3	2015-10-12 18:15:27
1529	exactMatch	http://www.genome.jp/dbget-bin/www_bget?ec:3.2.1.51	3	2015-10-12 18:15:45
1528	exactMatch	http://www.genome.jp/dbget-bin/www_bget?enzyme+3.2.1.24	3	2015-10-12 18:23:03
1528	exactMatch	http://biocyc.org/META/NEW-IMAGE?type=EC-NUMBER&object=EC-3.2.1.24	3	2015-10-12 18:23:16
1526	exactMatch	http://biocyc.org/META/NEW-IMAGE?type=EC-NUMBER&object=EC-3.2.1.20	3	2015-10-12 18:39:31
1526	exactMatch	http://www.genome.jp/dbget-bin/www_bget?ec:3.2.1.20	3	2015-10-12 18:39:48
1525	exactMatch	http://biocyc.org/META/NEW-IMAGE?type=EC-NUMBER&object=EC-3.2.1.21	3	2015-10-12 18:47:32
1525	exactMatch	http://www.genome.jp/dbget-bin/www_bget?enzyme+3.2.1.21	3	2015-10-12 18:47:48
555	exactMatch	http://biocyc.org/META/NEW-IMAGE?type=EC-NUMBER&object=EC-3.2.1.23	3	2015-10-12 18:57:25
555	exactMatch	http://www.genome.jp/dbget-bin/www_bget?enzyme+3.2.1.23	3	2015-10-12 18:57:41
1524	exactMatch	http://biocyc.org/META/NEW-IMAGE?type=EC-NUMBER&object=EC-3.2.1.22	3	2015-10-12 19:03:43
1524	exactMatch	http://www.genome.jp/dbget-bin/www_bget?enzyme+3.2.1.22	3	2015-10-12 19:04:04
1523	exactMatch	http://biocyc.org/META/NEW-IMAGE?type=EC-NUMBER&object=EC-3.9.1.1	3	2015-10-12 19:10:14
1523	exactMatch	http://www.genome.jp/dbget-bin/www_bget?enzyme+3.9.1.1	3	2015-10-12 19:10:34
1559	exactMatch	http://biocyc.org/META/NEW-IMAGE?type=EC-NUMBER&object=EC-3.2.1.17	3	2015-10-14 16:31:44
1559	exactMatch	http://www.genome.jp/dbget-bin/www_bget?enzyme+3.2.1.17	3	2015-10-14 16:31:59
1564	exactMatch	https://www.ebi.ac.uk/chebi/searchId.do?chebiId=15940	3	2015-10-14 19:09:36
1564	exactMatch	https://pubchem.ncbi.nlm.nih.gov/compound/938	3	2015-10-14 19:09:50
1703	exactMatch	http://www.ebi.ac.uk/chebi/searchId.do?chebiId=CHEBI:15611	3	2015-12-16 18:52:00
1703	exactMatch	https://pubchem.ncbi.nlm.nih.gov/compound/1088	3	2015-12-16 18:52:15
1705	exactMatch	https://pubchem.ncbi.nlm.nih.gov/compound/71082	3	2015-12-16 19:04:26
1705	exactMatch	http://www.ebi.ac.uk/chebi/searchId.do?chebiId=CHEBI:16176	3	2015-12-16 19:04:59
1704	exactMatch	https://www.ebi.ac.uk/chebi/searchId.do?chebiId=15729	3	2015-12-16 19:06:01
1704	exactMatch	https://pubchem.ncbi.nlm.nih.gov/compound/6262	3	2015-12-16 19:06:27
1707	exactMatch	http://www.ebi.ac.uk/chebi/searchId.do?chebiId=CHEBI:30794	3	2015-12-16 19:18:47
1707	exactMatch	https://pubchem.ncbi.nlm.nih.gov/compound/867	3	2015-12-16 19:19:09
1710	exactMatch	http://www.ebi.ac.uk/chebi/searchId.do?chebiId=CHEBI:16094	3	2015-12-16 19:48:05
1710	exactMatch	https://pubchem.ncbi.nlm.nih.gov/compound/1084	3	2015-12-16 19:48:16
1711	exactMatch	http://www.ebi.ac.uk/chebi/searchId.do?chebiId=CHEBI:16349	3	2015-12-16 19:55:05
1711	exactMatch	https://pubchem.ncbi.nlm.nih.gov/compound/9750	3	2015-12-16 19:55:26
1712	exactMatch	http://www.ebi.ac.uk/chebi/searchId.do?chebiId=CHEBI:16534	3	2015-12-16 20:03:54
1712	exactMatch	https://pubchem.ncbi.nlm.nih.gov/compound/128869	3	2015-12-16 20:04:24
1713	exactMatch	https://www.ebi.ac.uk/chebi/searchId.do?chebiId=16634	3	2015-12-16 20:13:18
1713	exactMatch	https://pubchem.ncbi.nlm.nih.gov/compound/439242	3	2015-12-16 20:13:42
1714	exactMatch	https://pubchem.ncbi.nlm.nih.gov/compound/1150	3	2015-12-16 20:23:14
1714	exactMatch	https://www.ebi.ac.uk/chebi/searchId.do?chebiId=CHEBI:16765	3	2015-12-16 20:23:30
1722	exactMatch	https://www.ebi.ac.uk/chebi/searchId.do?chebiId=16958	3	2015-12-16 21:17:52
1722	exactMatch	https://pubchem.ncbi.nlm.nih.gov/compound/239	3	2015-12-16 21:18:04
1723	exactMatch	https://pubchem.ncbi.nlm.nih.gov/compound/674	3	2015-12-16 21:38:57
1723	exactMatch	https://www.ebi.ac.uk/chebi/searchId.do?chebiId=17170	3	2015-12-16 21:39:20
1724	exactMatch	https://pubchem.ncbi.nlm.nih.gov/compound/595	3	2015-12-17 16:04:07
1724	exactMatch	https://www.ebi.ac.uk/chebi/searchId.do?chebiId=CHEBI:17376	3	2015-12-17 16:04:58
1725	exactMatch	https://www.ebi.ac.uk/chebi/searchId.do?chebiId=17437	3	2015-12-17 16:11:17
1725	exactMatch	https://pubchem.ncbi.nlm.nih.gov/compound/1068	3	2015-12-17 16:11:33
1144	exactMatch	https://www.ebi.ac.uk/chebi/searchId.do?chebiId=4153	3	2015-12-17 16:34:26
1144	exactMatch	https://pubchem.ncbi.nlm.nih.gov/compound/439215	3	2015-12-17 16:34:43
1728	exactMatch	https://pubchem.ncbi.nlm.nih.gov/compound/611	3	2015-12-17 16:49:26
1728	exactMatch	https://www.ebi.ac.uk/chebi/searchId.do?chebiId=CHEBI:18237	3	2015-12-17 16:49:42
1729	exactMatch	https://www.ebi.ac.uk/chebi/searchId.do?chebiId=18300	3	2015-12-17 17:13:29
1729	exactMatch	https://pubchem.ncbi.nlm.nih.gov/compound/444266	3	2015-12-17 17:13:52
1730	exactMatch	https://www.ebi.ac.uk/chebi/searchId.do?chebiId=8082	3	2015-12-17 17:21:50
1730	exactMatch	https://pubchem.ncbi.nlm.nih.gov/compound/31229	3	2015-12-17 17:22:05
1732	exactMatch	https://pubchem.ncbi.nlm.nih.gov/compound/54670067	3	2015-12-17 17:44:16
1732	exactMatch	https://www.ebi.ac.uk/chebi/searchId.do?chebiId=CHEBI:29073	3	2015-12-17 17:44:28
1732	exactMatch	http://www.kegg.jp/entry/D00018	3	2015-12-17 17:44:41
1732	exactMatch	http://www.drugbank.ca/drugs/DB00126	3	2015-12-17 17:44:55
1736	exactMatch	https://pubchem.ncbi.nlm.nih.gov/compound/1017	3	2015-12-17 18:16:55
1736	exactMatch	https://www.ebi.ac.uk/chebi/searchId.do?chebiId=29069	3	2015-12-17 18:17:08
1739	exactMatch	https://www.ebi.ac.uk/chebi/searchId.do?chebiId=CHEBI:27810	3	2015-12-17 19:27:04
1739	exactMatch	https://pubchem.ncbi.nlm.nih.gov/compound/5054	3	2015-12-17 19:28:09
1739	exactMatch	http://www.genome.jp/dbget-bin/www_bget?cpd:C01751	3	2015-12-17 19:28:51
1741	exactMatch	https://www.ebi.ac.uk/chebi/searchId.do?chebiId=28262	3	2015-12-17 19:49:05
1741	exactMatch	https://pubchem.ncbi.nlm.nih.gov/compound/679	3	2015-12-17 19:49:27
1741	exactMatch	http://www.kegg.jp/entry/D01043	3	2015-12-17 19:49:48
1743	exactMatch	https://www.ebi.ac.uk/chebi/searchId.do?chebiId=CHEBI:20021	3	2015-12-17 20:12:48
1743	exactMatch	https://pubchem.ncbi.nlm.nih.gov/compound/9968	3	2015-12-17 20:14:22
1743	exactMatch	http://www.genome.jp/dbget-bin/www_bget?cpd:C02364	3	2015-12-17 20:14:39
1744	exactMatch	https://www.ebi.ac.uk/chebi/searchId.do?chebiId=CHEBI:16946	3	2015-12-17 20:35:06
1744	exactMatch	https://pubchem.ncbi.nlm.nih.gov/compound/161166	3	2015-12-17 20:36:00
1744	exactMatch	http://www.drugbank.ca/drugs/DB02070	3	2015-12-17 20:36:15
1744	exactMatch	http://www.genome.jp/dbget-bin/www_bget?cpd:C00328	3	2015-12-17 20:37:57
1745	exactMatch	http://www.ebi.ac.uk/chebi/searchId.do?chebiId=CHEBI:18012	3	2015-12-17 21:01:28
1745	exactMatch	https://pubchem.ncbi.nlm.nih.gov/compound/444972	3	2015-12-17 21:01:46
1745	exactMatch	http://www.kegg.jp/entry/C00122	3	2015-12-17 21:02:01
1747	exactMatch	https://pubchem.ncbi.nlm.nih.gov/compound/424	3	2015-12-17 21:22:52
1747	exactMatch	http://www.genome.jp/dbget-bin/www_bget?cpd:C16433	3	2015-12-17 21:23:08
1747	exactMatch	https://www.ebi.ac.uk/chebi/searchId.do?chebiId=CHEBI:22660	3	2015-12-17 21:27:57
1751	exactMatch	https://www.ebi.ac.uk/chebi/searchId.do?chebiId=16995	3	2015-12-17 21:41:28
1751	exactMatch	https://pubchem.ncbi.nlm.nih.gov/compound/971	3	2015-12-17 21:41:50
1751	exactMatch	http://www.drugbank.ca/drugs/DB03902	3	2015-12-17 21:42:06
1751	exactMatch	http://www.kegg.jp/entry/C00209	3	2015-12-17 21:42:17
1753	exactMatch	https://www.ebi.ac.uk/chebi/searchId.do?chebiId=CHEBI:15672	3	2015-12-18 15:11:24
1753	exactMatch	https://pubchem.ncbi.nlm.nih.gov/compound/439655	3	2015-12-18 15:11:40
1753	exactMatch	http://www.kegg.jp/dbget-bin/www_bget?cpd:C02107	3	2015-12-18 15:11:59
1755	exactMatch	https://www.ebi.ac.uk/chebi/searchId.do?chebiId=CHEBI:26933	3	2015-12-18 15:17:55
1755	exactMatch	https://pubchem.ncbi.nlm.nih.gov/compound/875	3	2015-12-18 15:18:25
1757	exactMatch	https://www.ebi.ac.uk/chebi/searchId.do?chebiId=CHEBI:17418	3	2015-12-18 15:32:49
1757	exactMatch	https://pubchem.ncbi.nlm.nih.gov/compound/7991	3	2015-12-18 15:33:09
1757	exactMatch	http://www.genome.jp/dbget-bin/www_bget?cpd:C00803	3	2015-12-18 15:33:38
1757	exactMatch	http://www.drugbank.ca/drugs/DB02406	3	2015-12-18 15:35:13
1763	exactMatch	https://en.wikipedia.org/wiki/Hexadecane	3	2015-12-18 16:57:57
1763	exactMatch	https://www.ebi.ac.uk/chebi/searchId.do?chebiId=45296	3	2015-12-18 16:58:09
1763	exactMatch	https://pubchem.ncbi.nlm.nih.gov/compound/11006	3	2015-12-18 16:58:34
1765	exactMatch	https://www.ebi.ac.uk/chebi/searchId.do?chebiId=46645	3	2015-12-18 17:06:51
1765	exactMatch	https://pubchem.ncbi.nlm.nih.gov/compound/6560	3	2015-12-18 17:07:04
1765	exactMatch	http://www.kegg.jp/entry/C14710	3	2015-12-18 17:07:20
1767	exactMatch	http://www.ebi.ac.uk/chebi/searchId.do?chebiId=CHEBI:28029	3	2015-12-18 17:30:14
1767	exactMatch	https://pubchem.ncbi.nlm.nih.gov/compound/5460029	3	2015-12-18 17:30:29
1768	exactMatch	http://www.ebi.ac.uk/chebi/searchId.do?chebiId=CHEBI%3A26546	3	2015-12-18 17:32:52
1768	exactMatch	https://en.wikipedia.org/wiki/Rhamnose	3	2015-12-18 17:33:04
1769	exactMatch	http://www.ebi.ac.uk/chebi/searchId.do?chebiId=CHEBI:6650	3	2015-12-18 17:39:39
1769	exactMatch	https://pubchem.ncbi.nlm.nih.gov/compound/525	3	2015-12-18 17:39:57
1769	exactMatch	http://www.genome.jp/dbget-bin/www_bget?cpd:C00711	3	2015-12-18 17:40:28
1771	exactMatch	http://www.ebi.ac.uk/chebi/searchId.do?chebiId=CHEBI:33508	3	2015-12-18 19:28:27
1771	exactMatch	https://pubchem.ncbi.nlm.nih.gov/compound/752	3	2015-12-18 19:28:44
1772	exactMatch	http://www.ebi.ac.uk/chebi/searchId.do?chebiId=CHEBI:32398	3	2015-12-18 19:38:19
1772	exactMatch	https://pubchem.ncbi.nlm.nih.gov/compound/439194	3	2015-12-18 19:38:33
1775	exactMatch	https://www.ebi.ac.uk/chebi/searchId.do?chebiId=16830	3	2015-12-18 19:53:19
1775	exactMatch	https://pubchem.ncbi.nlm.nih.gov/compound/6329	3	2015-12-18 19:53:38
1776	exactMatch	https://www.ebi.ac.uk/chebi/searchId.do?chebiId=CHEBI:17151	3	2015-12-18 20:08:50
1776	exactMatch	https://pubchem.ncbi.nlm.nih.gov/compound/6912	3	2015-12-18 20:09:09
1776	exactMatch	http://www.genome.jp/dbget-bin/www_bget?cpd:C00379	3	2015-12-18 20:09:21
1777	exactMatch	https://www.ebi.ac.uk/chebi/searchId.do?chebiId=CHEBI:17665	3	2015-12-18 20:51:09
1777	exactMatch	https://pubchem.ncbi.nlm.nih.gov/compound/439284	3	2015-12-18 20:51:24
1779	exactMatch	https://pubchem.ncbi.nlm.nih.gov/compound/2879	3	2015-12-18 21:08:55
1779	exactMatch	https://www.ebi.ac.uk/chebi/searchId.do?chebiId=17847	3	2015-12-18 21:09:09
1779	exactMatch	http://www.kegg.jp/entry/C01468	3	2015-12-18 21:09:33
1780	exactMatch	https://www.ebi.ac.uk/chebi/searchId.do?chebiId=18135	3	2015-12-18 21:26:03
1780	exactMatch	https://pubchem.ncbi.nlm.nih.gov/compound/289	3	2015-12-18 21:26:29
1780	exactMatch	http://www.genome.jp/dbget-bin/www_bget?cpd:C00090	3	2015-12-18 21:26:50
1782	exactMatch	http://www.ebi.ac.uk/chebi/searchId.do?chebiId=CHEBI:21349	3	2015-12-21 15:07:07
1782	exactMatch	https://pubchem.ncbi.nlm.nih.gov/compound/69640	3	2015-12-21 15:07:27
1783	exactMatch	http://www.ebi.ac.uk/chebi/searchId.do?chebiId=CHEBI:17626	3	2015-12-21 15:15:08
1783	exactMatch	https://pubchem.ncbi.nlm.nih.gov/compound/643798	3	2015-12-21 15:15:22
1784	exactMatch	https://www.ebi.ac.uk/chebi/searchId.do?chebiId=30838	3	2015-12-21 15:35:24
1784	exactMatch	https://pubchem.ncbi.nlm.nih.gov/compound/811	3	2015-12-21 15:35:41
1786	exactMatch	https://www.ebi.ac.uk/chebi/searchId.do?chebiId=CHEBI:15671	3	2015-12-21 15:47:26
1786	exactMatch	https://pubchem.ncbi.nlm.nih.gov/compound/444305	3	2015-12-21 15:47:56
1786	exactMatch	http://www.genome.jp/dbget-bin/www_bget?cpd:C00898	3	2015-12-21 15:48:09
1787	exactMatch	https://www.ebi.ac.uk/chebi/searchId.do?chebiId=32139	3	2015-12-21 16:04:08
1787	exactMatch	https://pubchem.ncbi.nlm.nih.gov/compound/516892	3	2015-12-21 16:04:31
1787	exactMatch	http://www.kegg.jp/entry/C12603	3	2015-12-21 16:04:53
1787	exactMatch	http://www.drugbank.ca/drugs/DB01390	3	2015-12-21 16:05:09
1789	exactMatch	http://www.ebi.ac.uk/chebi/searchId.do?chebiId=CHEBI:32805	3	2015-12-21 17:09:35
1789	exactMatch	https://pubchem.ncbi.nlm.nih.gov/compound/643757	3	2015-12-21 17:09:48
1791	exactMatch	http://www.ebi.ac.uk/chebi/searchId.do?chebiId=CHEBI:22211	3	2015-12-21 17:20:49
1791	exactMatch	https://pubchem.ncbi.nlm.nih.gov/compound/309	3	2015-12-21 17:21:05
1792	exactMatch	http://www.ebi.ac.uk/chebi/searchId.do?chebiId=CHEBI:32806	3	2015-12-21 17:26:19
1792	exactMatch	https://pubchem.ncbi.nlm.nih.gov/compound/444212	3	2015-12-21 17:26:31
1793	exactMatch	https://www.ebi.ac.uk/chebi/searchId.do?chebiId=32816	3	2015-12-21 17:35:56
1793	exactMatch	https://pubchem.ncbi.nlm.nih.gov/compound/1060	3	2015-12-21 17:36:11
1793	exactMatch	http://www.kegg.jp/entry/C00022	3	2015-12-21 17:36:26
1795	exactMatch	http://www.ebi.ac.uk/chebi/searchId.do?chebiId=CHEBI:55507	3	2015-12-21 18:14:02
1795	exactMatch	https://pubchem.ncbi.nlm.nih.gov/compound/76935	3	2015-12-21 18:14:16
1796	exactMatch	http://www.ebi.ac.uk/chebi/searchId.do?chebiId=CHEBI:5931	3	2015-12-21 19:27:06
1796	exactMatch	https://pubchem.ncbi.nlm.nih.gov/compound/70678557	3	2015-12-21 19:27:36
1796	exactMatch	http://www.genome.jp/dbget-bin/www_bget?cpd:C00723	3	2015-12-21 19:27:51
1799	exactMatch	https://www.ebi.ac.uk/chebi/searchId.do?chebiId=26307	3	2015-12-21 19:46:51
1799	exactMatch	https://pubchem.ncbi.nlm.nih.gov/compound/7854	3	2015-12-21 19:47:18
1800	exactMatch	https://pubchem.ncbi.nlm.nih.gov/compound/638129	3	2015-12-21 19:55:23
1800	exactMatch	https://www.ebi.ac.uk/chebi/searchId.do?chebiId=CHEBI:16600	3	2015-12-21 19:55:39
1800	exactMatch	http://www.genome.jp/dbget-bin/www_bget?cpd:C01732	3	2015-12-21 19:55:55
1802	exactMatch	http://www.ebi.ac.uk/chebi/searchId.do?chebiId=CHEBI:75144	3	2015-12-21 20:44:11
1802	exactMatch	https://pubchem.ncbi.nlm.nih.gov/compound/94220	3	2015-12-21 20:44:43
1803	exactMatch	http://www.ebi.ac.uk/chebi/searchId.do?chebiId=CHEBI%3A33885	3	2015-12-21 20:59:27
1803	exactMatch	https://pubchem.ncbi.nlm.nih.gov/compound/445929	3	2015-12-21 20:59:47
1208	exactMatch	http://www.ebi.ac.uk/chebi/searchId.do?chebiId=CHEBI:17029	3	2015-12-21 21:29:05
1208	exactMatch	http://www.genome.jp/dbget-bin/www_bget?cpd:C00461	3	2015-12-21 21:29:24
1807	exactMatch	http://www.ebi.ac.uk/chebi/searchId.do?chebiId=CHEBI:27922	3	2015-12-21 21:43:46
1808	exactMatch	https://www.ebi.ac.uk/chebi/searchId.do?chebiId=18139	3	2015-12-22 14:42:44
1808	exactMatch	https://pubchem.ncbi.nlm.nih.gov/compound/1146	3	2015-12-22 14:42:58
1808	exactMatch	http://www.kegg.jp/entry/C00565	3	2015-12-22 14:43:15
1809	exactMatch	https://www.ebi.ac.uk/chebi/searchId.do?chebiId=CHEBI:2511	3	2015-12-22 14:53:21
1809	exactMatch	http://www.kegg.jp/dbget-bin/www_bget?cpd:C01399	3	2015-12-22 14:53:51
1810	exactMatch	https://pubchem.ncbi.nlm.nih.gov/compound/1178	3	2015-12-22 15:02:50
1810	exactMatch	https://www.ebi.ac.uk/chebi/searchId.do?chebiId=CHEBI:27248	3	2015-12-22 15:03:30
1814	exactMatch	https://www.ebi.ac.uk/chebi/searchId.do?chebiId=17620	3	2015-12-22 15:45:54
1814	exactMatch	https://pubchem.ncbi.nlm.nih.gov/compound/445858	3	2015-12-22 15:46:12
1814	exactMatch	http://www.genome.jp/dbget-bin/www_bget?cpd:C01494	3	2015-12-22 15:46:27
1816	exactMatch	https://www.ebi.ac.uk/chebi/searchId.do?chebiId=27605	3	2015-12-22 16:17:43
1816	exactMatch	https://pubchem.ncbi.nlm.nih.gov/compound/90008	3	2015-12-22 16:18:08
1816	closeMatch	http://www.genome.jp/dbget-bin/www_bget?cpd:C06468	3	2015-12-22 16:18:21
553	exactMatch	https://www.ebi.ac.uk/chebi/searchId.do?chebiId=16881	3	2015-12-22 16:30:50
553	exactMatch	https://pubchem.ncbi.nlm.nih.gov/compound/798	3	2015-12-22 16:31:15
553	exactMatch	http://www.kegg.jp/entry/C00463	3	2015-12-22 16:31:26
1818	exactMatch	https://www.ebi.ac.uk/chebi/searchId.do?chebiId=28484	3	2015-12-22 16:46:57
1818	exactMatch	https://pubchem.ncbi.nlm.nih.gov/compound/10430	3	2015-12-22 16:47:11
1818	exactMatch	http://www.kegg.jp/entry/C08262	3	2015-12-22 16:47:31
1818	exactMatch	http://www.drugbank.ca/drugs/DB03750	3	2015-12-22 16:47:40
1821	exactMatch	https://www.ebi.ac.uk/chebi/searchId.do?chebiId=18344	3	2015-12-22 17:12:14
1821	exactMatch	https://pubchem.ncbi.nlm.nih.gov/compound/3845	3	2015-12-22 17:12:56
1821	exactMatch	http://www.kegg.jp/entry/C01717	3	2015-12-22 17:13:23
1823	exactMatch	https://www.ebi.ac.uk/chebi/searchId.do?chebiId=CHEBI:79285	3	2015-12-22 17:55:44
1824	exactMatch	https://www.ebi.ac.uk/chebi/searchId.do?chebiId=30531	3	2015-12-22 18:28:45
1824	exactMatch	https://pubchem.ncbi.nlm.nih.gov/compound/385	3	2015-12-22 18:29:14
1824	exactMatch	http://www.drugbank.ca/drugs/DB01856	3	2015-12-22 18:29:37
1824	exactMatch	http://www.genome.jp/dbget-bin/www_bget?cpd:C02656	3	2015-12-22 18:29:49
561	exactMatch	https://www.ebi.ac.uk/chebi/searchId.do?chebiId=CHEBI:15882	3	2015-12-22 19:31:08
561	exactMatch	https://pubchem.ncbi.nlm.nih.gov/compound/996	3	2015-12-22 19:31:30
561	exactMatch	http://www.genome.jp/dbget-bin/www_bget?cpd:C00146	3	2015-12-22 19:31:47
1827	exactMatch	https://www.ebi.ac.uk/chebi/searchId.do?chebiId=CHEBI%3A42111	3	2015-12-22 19:37:33
1827	exactMatch	https://pubchem.ncbi.nlm.nih.gov/compound/61503	3	2015-12-22 19:37:51
1827	exactMatch	http://www.genome.jp/dbget-bin/www_bget?cpd:C00256	3	2015-12-22 19:38:02
1827	exactMatch	http://www.drugbank.ca/drugs/DB03066	3	2015-12-22 19:38:13
1828	exactMatch	https://pubchem.ncbi.nlm.nih.gov/compound/612	3	2015-12-22 19:49:10
1828	exactMatch	https://www.ebi.ac.uk/chebi/searchId.do?chebiId=CHEBI:28358	3	2015-12-22 19:49:35
1828	exactMatch	http://www.genome.jp/dbget-bin/www_bget?cpd:C01432	3	2015-12-22 19:52:15
1828	exactMatch	http://www.drugbank.ca/drugs/DB04398	3	2015-12-22 19:52:26
1831	exactMatch	https://www.ebi.ac.uk/chebi/searchId.do?chebiId=41131	3	2015-12-22 20:35:25
1831	exactMatch	https://pubchem.ncbi.nlm.nih.gov/compound/637090	3	2015-12-22 20:35:44
1831	exactMatch	http://www.genome.jp/dbget-bin/www_bget?cpd:C01771	3	2015-12-22 20:35:57
1831	exactMatch	http://www.drugbank.ca/drugs/DB02074	3	2015-12-22 20:36:07
1834	exactMatch	http://www.ebi.ac.uk/chebi/searchId.do?chebiId=CHEBI:85363	3	2015-12-23 14:45:50
1834	exactMatch	https://pubchem.ncbi.nlm.nih.gov/compound/23666333	3	2015-12-23 14:46:10
1835	exactMatch	https://www.ebi.ac.uk/chebi/searchId.do?chebiId=30772	3	2015-12-23 14:55:50
1835	exactMatch	https://pubchem.ncbi.nlm.nih.gov/compound/264	3	2015-12-23 14:56:46
1835	exactMatch	http://www.kegg.jp/entry/C00246	3	2015-12-23 14:56:58
1835	exactMatch	http://www.drugbank.ca/drugs/DB03568	3	2015-12-23 14:57:07
1839	exactMatch	https://www.ebi.ac.uk/chebi/searchId.do?chebiId=CHEBI%3A18186	3	2015-12-23 15:05:53
1839	exactMatch	https://pubchem.ncbi.nlm.nih.gov/compound/1153	3	2015-12-23 15:06:14
1839	exactMatch	http://www.genome.jp/dbget-bin/www_bget?cpd:C01536	3	2015-12-23 15:06:29
1841	exactMatch	https://www.ebi.ac.uk/chebi/searchId.do?chebiId=CHEBI%3A28479	3	2015-12-23 15:13:13
1841	exactMatch	https://pubchem.ncbi.nlm.nih.gov/compound/71098	3	2015-12-23 15:13:24
1841	exactMatch	http://www.genome.jp/dbget-bin/www_bget?cpd:C06420	3	2015-12-23 15:13:37
1841	exactMatch	http://www.drugbank.ca/drugs/DB03839	3	2015-12-23 15:13:55
1180	exactMatch	http://www.drugbank.ca/drugs/DB00135	3	2015-12-23 15:15:58
1842	exactMatch	https://www.ebi.ac.uk/chebi/searchId.do?chebiId=16914	3	2015-12-23 16:39:55
1842	exactMatch	https://pubchem.ncbi.nlm.nih.gov/compound/338	3	2015-12-23 16:40:10
1842	exactMatch	http://www.kegg.jp/entry/D00097	3	2015-12-23 16:40:27
1842	exactMatch	http://www.drugbank.ca/drugs/DB00936	3	2015-12-23 16:40:42
1844	exactMatch	https://www.ebi.ac.uk/chebi/searchId.do?chebiId=CHEBI%3A16449	3	2015-12-28 14:55:29
1844	exactMatch	https://pubchem.ncbi.nlm.nih.gov/compound/602	3	2015-12-28 14:55:51
1845	exactMatch	https://www.ebi.ac.uk/chebi/searchId.do?chebiId=CHEBI%3A15570	3	2015-12-28 15:02:32
1845	exactMatch	https://pubchem.ncbi.nlm.nih.gov/compound/71080	3	2015-12-28 15:02:49
1847	exactMatch	https://www.ebi.ac.uk/chebi/searchId.do?chebiId=15767	3	2015-12-28 16:15:44
1847	exactMatch	https://pubchem.ncbi.nlm.nih.gov/compound/6344	3	2015-12-28 16:15:58
1848	exactMatch	https://www.ebi.ac.uk/chebi/searchId.do?chebiId=CHEBI%3A15966	3	2015-12-28 16:30:35
1848	exactMatch	https://pubchem.ncbi.nlm.nih.gov/compound/23327	3	2015-12-28 16:30:59
1848	exactMatch	http://www.genome.jp/dbget-bin/www_bget?cpd:C00217	3	2015-12-28 16:31:14
1850	exactMatch	https://www.ebi.ac.uk/chebi/searchId.do?chebiId=16000	3	2015-12-28 16:47:34
1850	exactMatch	https://pubchem.ncbi.nlm.nih.gov/compound/700	3	2015-12-28 16:47:53
1850	exactMatch	http://www.kegg.jp/entry/D05074	3	2015-12-28 16:49:22
1850	exactMatch	http://www.drugbank.ca/drugs/DB03994	3	2015-12-28 16:49:35
1851	exactMatch	https://www.ebi.ac.uk/chebi/searchId.do?chebiId=16135	3	2015-12-28 17:07:33
1851	exactMatch	https://pubchem.ncbi.nlm.nih.gov/compound/6590	3	2015-12-28 17:07:48
1851	exactMatch	http://www.kegg.jp/entry/C02632	3	2015-12-28 17:08:05
1851	exactMatch	http://www.drugbank.ca/drugs/DB02531	3	2015-12-28 17:08:16
